Date,Children apprehended and placed in CBP custody*,Children in CBP custody,Children transferred out of CBP custody,Children in HHS Care,Children discharged from HHS Care,Year,Month,Quarter,Week,Day,DayOfWeek,DayName,MonthName,IsMonthStart,IsMonthEnd,Lag_1,Lag_7,Lag_14,Lag_30,RollingMean_7,RollingMean_14,RollingMean_30,RollingStd_7,RollingStd_30,RollingMin_7,RollingMax_7,RollingMin_30,RollingMax_30,DailyChange,PctChange,NetFlow,TransferEfficiency,DischargeRatio,OccupancyPressure,MonthSin,MonthCos,WeekdaySin,WeekdayCos
2025-12-21,6,18,11,2484,14,2025,12,4,51,21,6,Sunday,December,0,0,,,,,,,,,,,,,,,,-3,0.6111111111111112,0.005636070853462158,2502,-2.4492935982947064e-16,1.0,-0.7818314824680299,0.6234898018587334
2025-12-18,11,50,6,2472,16,2025,12,4,51,18,3,Thursday,December,0,0,2484.0,,,,,,,,,,,,,-12.0,-0.48309178743961567,-10,0.12,0.006472491909385114,2522,-2.4492935982947064e-16,1.0,0.43388373911755823,-0.900968867902419
2025-12-17,7,31,11,2481,10,2025,12,4,51,17,2,Wednesday,December,0,0,2472.0,,,,,,,,,,,,,9.0,0.364077669902918,1,0.3548387096774194,0.004030632809351068,2512,-2.4492935982947064e-16,1.0,0.9749279121818236,-0.22252093395631434
2025-12-16,8,54,15,2468,9,2025,12,4,51,16,1,Tuesday,December,0,0,2481.0,,,,,,,,,,,,,-13.0,-0.523982265215639,6,0.2777777777777778,0.003646677471636953,2522,-2.4492935982947064e-16,1.0,0.7818314824680298,0.6234898018587336
2025-12-15,11,42,9,2470,7,2025,12,4,51,15,0,Monday,December,0,0,2468.0,,,,,,,,,,,,,2.0,0.08103727714747766,2,0.21428571428571427,0.002834008097165992,2512,-2.4492935982947064e-16,1.0,0.0,1.0
2025-12-14,8,35,4,2462,8,2025,12,4,50,14,6,Sunday,December,0,0,2470.0,,,,,,,,,,,,,-8.0,-0.32388663967611864,-4,0.11428571428571428,0.003249390739236393,2497,-2.4492935982947064e-16,1.0,-0.7818314824680299,0.6234898018587334
2025-12-11,7,47,9,2437,10,2025,12,4,50,11,3,Thursday,December,0,0,2462.0,,,,2467.714285714286,,,15.499615970665104,,2437.0,2484.0,,,-25.0,-1.0154346060113784,-1,0.19148936170212766,0.004103405826836274,2484,-2.4492935982947064e-16,1.0,0.43388373911755823,-0.900968867902419
2025-12-10,10,54,5,2439,9,2025,12,4,50,10,2,Wednesday,December,0,0,2437.0,2484.0,,,2461.285714285714,,,16.88899331630209,,2437.0,2481.0,,,2.0,0.08206811653672652,-4,0.09259259259259259,0.0036900369003690036,2493,-2.4492935982947064e-16,1.0,0.9749279121818236,-0.22252093395631434
2025-12-09,4,30,7,2443,8,2025,12,4,50,9,1,Tuesday,December,0,0,2439.0,2472.0,,,2457.1428571428573,,,17.37266599602737,,2437.0,2481.0,,,4.0,0.16400164001639794,-1,0.23333333333333334,0.003274662300450266,2473,-2.4492935982947064e-16,1.0,0.7818314824680298,0.6234898018587336
2025-12-08,9,27,9,2440,4,2025,12,4,50,8,0,Monday,December,0,0,2443.0,2481.0,,,2451.285714285714,,,14.69369803367305,,2437.0,2470.0,,,-3.0,-0.12279983626688473,5,0.3333333333333333,0.001639344262295082,2467,-2.4492935982947064e-16,1.0,0.0,1.0
2025-12-07,4,24,13,2429,12,2025,12,4,49,7,6,Sunday,December,0,0,2440.0,2468.0,,,2445.714285714286,,,14.693698033673238,,2429.0,2470.0,,,-11.0,-0.45081967213115304,1,0.5416666666666666,0.004940304652120214,2453,-2.4492935982947064e-16,1.0,-0.7818314824680299,0.6234898018587334
2025-12-04,16,39,7,2418,13,2025,12,4,49,4,3,Thursday,December,0,0,2429.0,2470.0,,,2438.285714285714,,,13.46246987881932,,2418.0,2462.0,,,-11.0,-0.45286125977768155,-6,0.1794871794871795,0.005376344086021506,2457,-2.4492935982947064e-16,1.0,0.43388373911755823,-0.900968867902419
2025-12-03,4,32,8,2419,7,2025,12,4,49,3,2,Wednesday,December,0,0,2418.0,2462.0,,,2432.1428571428573,,,10.270160197203642,,2418.0,2443.0,,,1.0,0.041356492969391034,1,0.25,0.0028937577511368336,2451,-2.4492935982947064e-16,1.0,0.9749279121818236,-0.22252093395631434
2025-12-02,7,34,6,2407,8,2025,12,4,49,2,1,Tuesday,December,0,0,2419.0,2437.0,,,2427.8571428571427,2447.785714285714,,13.618964368711678,,2407.0,2443.0,,,-12.0,-0.4960727573377399,-2,0.17647058823529413,0.0033236393851267137,2441,-2.4492935982947064e-16,1.0,0.7818314824680298,0.6234898018587336
2025-12-01,4,26,4,2410,9,2025,12,4,49,1,0,Monday,December,1,0,2407.0,2439.0,2484.0,,2423.714285714286,2442.5,,14.067862734076575,,2407.0,2443.0,,,3.0,0.12463647694225255,-5,0.15384615384615385,0.0037344398340248964,2436,-2.4492935982947064e-16,1.0,0.0,1.0
2025-11-30,4,18,10,2415,0,2025,11,4,48,30,6,Sunday,November,0,1,2410.0,2443.0,2472.0,,2419.714285714286,2438.4285714285716,,11.397577019034733,,2407.0,2440.0,,,5.0,0.20746887966804906,10,0.5555555555555556,0.0,2433,-0.5000000000000004,0.8660254037844384,-0.7818314824680299,0.6234898018587334
2025-11-27,4,24,8,2389,7,2025,11,4,48,27,3,Thursday,November,0,0,2415.0,2440.0,2481.0,,2412.4285714285716,2431.8571428571427,,12.514753198490599,,2389.0,2429.0,,,-26.0,-1.0766045548654235,1,0.3333333333333333,0.0029300962745918793,2413,-0.5000000000000004,0.8660254037844384,0.43388373911755823,-0.900968867902419
2025-11-25,6,47,14,2375,11,2025,11,4,48,25,1,Tuesday,November,0,0,2389.0,2429.0,2468.0,,2404.714285714286,2425.214285714286,,16.58025216650408,,2375.0,2419.0,,,-14.0,-0.5860192549183796,3,0.2978723404255319,0.0046315789473684215,2422,-0.5000000000000004,0.8660254037844384,0.7818314824680298,0.6234898018587336
2025-11-24,9,40,9,2371,13,2025,11,4,48,24,0,Monday,November,0,0,2375.0,2418.0,2470.0,,2398.0,2418.1428571428573,,19.55334583475289,,2371.0,2419.0,,,-4.0,-0.16842105263158436,-4,0.225,0.005482918599746942,2411,-0.5000000000000004,0.8660254037844384,0.0,1.0
2025-11-23,3,46,22,2375,1,2025,11,4,47,23,6,Sunday,November,0,0,2371.0,2419.0,2462.0,,2391.714285714286,2411.9285714285716,,18.732452106034845,,2371.0,2415.0,,,4.0,0.1687051876845258,21,0.4782608695652174,0.0004210526315789474,2421,-0.5000000000000004,0.8660254037844384,-0.7818314824680299,0.6234898018587334
2025-11-20,18,57,8,2340,9,2025,11,4,47,20,3,Thursday,November,0,0,2375.0,2407.0,2437.0,,2382.1428571428573,2405.0,,25.510968696027103,,2340.0,2415.0,,,-35.0,-1.473684210526316,-1,0.14035087719298245,0.0038461538461538464,2397,-0.5000000000000004,0.8660254037844384,0.43388373911755823,-0.900968867902419
2025-11-19,7,32,3,2340,10,2025,11,4,47,19,2,Wednesday,November,0,0,2340.0,2410.0,2439.0,,2372.1428571428573,2397.9285714285716,,26.472807252154073,,2340.0,2415.0,,,0.0,0.0,-7,0.09375,0.004273504273504274,2372,-0.5000000000000004,0.8660254037844384,0.9749279121818236,-0.22252093395631434
2025-11-18,2,38,8,2345,12,2025,11,4,47,18,1,Tuesday,November,0,0,2340.0,2415.0,2443.0,,2362.1428571428573,2390.9285714285716,,20.020227866079043,,2340.0,2389.0,,,5.0,0.21367521367521292,-4,0.21052631578947367,0.00511727078891258,2383,-0.5000000000000004,0.8660254037844384,0.7818314824680298,0.6234898018587336
2025-11-17,1,35,6,2343,8,2025,11,4,47,17,0,Monday,November,0,0,2345.0,2389.0,2440.0,,2355.5714285714284,2384.0,,17.067094488691833,,2340.0,2375.0,,,-2.0,-0.08528784648187404,-2,0.17142857142857143,0.0034144259496372174,2378,-0.5000000000000004,0.8660254037844384,0.0,1.0
2025-11-16,5,22,3,2340,5,2025,11,4,46,16,6,Sunday,November,0,0,2343.0,2375.0,2429.0,,2350.5714285714284,2377.6428571428573,,15.479633316693365,,2340.0,2375.0,,,-3.0,-0.1280409731113985,-2,0.13636363636363635,0.002136752136752137,2362,-0.5000000000000004,0.8660254037844384,-0.7818314824680299,0.6234898018587334
2025-11-13,6,26,16,2317,5,2025,11,4,46,13,3,Thursday,November,0,0,2340.0,2371.0,2418.0,,2342.8571428571427,2370.4285714285716,,16.98458685033128,,2317.0,2375.0,,,-23.0,-0.9829059829059794,11,0.6153846153846154,0.0021579628830384117,2343,-0.5000000000000004,0.8660254037844384,0.43388373911755823,-0.900968867902419
2025-11-12,14,48,20,2302,7,2025,11,4,46,12,2,Wednesday,November,0,0,2317.0,2375.0,2419.0,,2332.4285714285716,2362.0714285714284,,16.35906622088593,,2302.0,2345.0,,,-15.0,-0.6473888649115245,13,0.4166666666666667,0.0030408340573414424,2350,-0.5000000000000004,0.8660254037844384,0.9749279121818236,-0.22252093395631434
2025-11-11,11,39,12,2294,14,2025,11,4,46,11,1,Tuesday,November,0,0,2302.0,2340.0,2407.0,,2325.8571428571427,2354.0,,21.302805538468963,,2294.0,2345.0,,,-8.0,-0.3475238922675983,-2,0.3076923076923077,0.006102877070619006,2333,-0.5000000000000004,0.8660254037844384,0.7818314824680298,0.6234898018587336
2025-11-09,11,33,5,2294,4,2025,11,4,45,9,6,Sunday,November,0,0,2294.0,2340.0,2410.0,,2319.285714285714,2345.714285714286,,23.221500710298937,,2294.0,2345.0,,,0.0,0.0,1,0.15151515151515152,0.0017436791630340018,2327,-0.5000000000000004,0.8660254037844384,-0.7818314824680299,0.6234898018587334
2025-11-06,6,33,9,2264,19,2025,11,4,45,6,3,Thursday,November,0,0,2294.0,2345.0,2415.0,,2307.714285714286,2334.9285714285716,2392.766666666667,27.96851971839848,63.13241876287144,2264.0,2343.0,2264.0,2484.0,-30.0,-1.3077593722754965,-10,0.2727272727272727,0.008392226148409895,2297,-0.5000000000000004,0.8660254037844384,0.43388373911755823,-0.900968867902419
2025-11-05,8,41,8,2272,7,2025,11,4,45,5,2,Wednesday,November,0,0,2264.0,2343.0,2389.0,2484.0,2297.5714285714284,2326.5714285714284,2385.7,25.83187399872655,64.42003864722783,2264.0,2340.0,2264.0,2481.0,8.0,0.35335689045936647,1,0.1951219512195122,0.0030809859154929575,2313,-0.5000000000000004,0.8660254037844384,0.9749279121818236,-0.22252093395631434
2025-11-04,6,33,6,2270,8,2025,11,4,45,4,1,Tuesday,November,0,0,2272.0,2340.0,2375.0,2472.0,2287.5714285714284,2319.0714285714284,2378.9666666666667,19.423843962668744,65.63403413459812,2264.0,2317.0,2264.0,2481.0,-2.0,-0.08802816901408717,-2,0.18181818181818182,0.003524229074889868,2303,-0.5000000000000004,0.8660254037844384,0.7818314824680298,0.6234898018587336
2025-11-03,3,28,5,2269,12,2025,11,4,45,3,0,Monday,November,0,0,2270.0,2317.0,2371.0,2481.0,2280.714285714286,2311.785714285714,2371.9,15.348336345409821,65.68228124057126,2264.0,2302.0,2264.0,2470.0,-1.0,-0.04405286343612813,-7,0.17857142857142858,0.005288673424416042,2297,-0.5000000000000004,0.8660254037844384,0.0,1.0
2025-11-02,5,21,10,2277,7,2025,11,4,44,2,6,Sunday,November,0,0,2269.0,2302.0,2375.0,2468.0,2277.1428571428573,2304.785714285714,2365.5333333333333,12.143977539364723,65.30181036373793,2264.0,2294.0,2264.0,2470.0,8.0,0.3525782282943979,3,0.47619047619047616,0.0030742204655248135,2298,-0.5000000000000004,0.8660254037844384,-0.7818314824680299,0.6234898018587334
2025-10-30,3,17,14,2287,12,2025,10,4,44,30,3,Thursday,October,0,0,2277.0,2294.0,2340.0,2470.0,2276.1428571428573,2301.0,2359.4333333333334,10.73046397614115,63.73527325956362,2264.0,2294.0,2264.0,2462.0,10.0,0.4391743522178304,2,0.8235294117647058,0.005247048535198951,2304,-0.8660254037844386,0.5000000000000001,0.43388373911755823,-0.900968867902419
2025-10-29,6,25,4,2280,17,2025,10,4,44,29,2,Wednesday,October,0,0,2287.0,2294.0,2340.0,2462.0,2274.1428571428573,2296.714285714286,2353.366666666667,7.733661733611875,62.281055587212514,2264.0,2287.0,2264.0,2443.0,-7.0,-0.3060778312199419,-13,0.16,0.007456140350877193,2305,-0.8660254037844386,0.5000000000000001,0.9749279121818236,-0.22252093395631434
2025-10-28,6,22,11,2286,6,2025,10,4,44,28,1,Tuesday,October,0,0,2280.0,2264.0,2345.0,2437.0,2277.285714285714,2292.5,2348.3333333333335,7.387247699369065,61.38422426410333,2269.0,2287.0,2264.0,2443.0,6.0,0.2631578947368318,5,0.5,0.0026246719160104987,2308,-0.8660254037844386,0.5000000000000001,0.7818314824680298,0.6234898018587336
2025-10-27,2,31,8,2282,11,2025,10,4,44,27,0,Monday,October,0,0,2286.0,2272.0,2343.0,2439.0,2278.714285714286,2288.1428571428573,2343.1,7.158079018738151,60.066256520727,2269.0,2287.0,2264.0,2443.0,-4.0,-0.17497812773403787,-3,0.25806451612903225,0.004820333041191937,2313,-0.8660254037844386,0.5000000000000001,0.0,1.0
2025-10-26,4,35,12,2276,10,2025,10,4,43,26,6,Sunday,October,0,0,2282.0,2270.0,2340.0,2443.0,2279.5714285714284,2283.5714285714284,2337.5333333333333,6.241184258839415,58.198076359567146,2269.0,2287.0,2264.0,2440.0,-6.0,-0.2629272567922891,2,0.34285714285714286,0.004393673110720563,2311,-0.8660254037844386,0.5000000000000001,-0.7818314824680299,0.6234898018587334
2025-10-23,4,27,26,2266,18,2025,10,4,43,23,3,Thursday,October,0,0,2276.0,2269.0,2317.0,2440.0,2279.1428571428573,2279.9285714285716,2331.733333333333,7.128079952548863,56.27269401720525,2266.0,2287.0,2264.0,2429.0,-10.0,-0.4393673110720586,8,0.9629629629629629,0.00794351279788173,2293,-0.8660254037844386,0.5000000000000001,0.43388373911755823,-0.900968867902419
2025-10-22,12,42,13,2261,12,2025,10,4,43,22,2,Wednesday,October,0,0,2266.0,2277.0,2302.0,2429.0,2276.8571428571427,2277.0,2326.133333333333,9.940297973900632,54.593629370248635,2261.0,2287.0,2261.0,2419.0,-5.0,-0.22065313327449543,1,0.30952380952380953,0.005307386112339673,2303,-0.8660254037844386,0.5000000000000001,0.9749279121818236,-0.22252093395631434
2025-10-21,13,39,17,2251,9,2025,10,4,43,21,1,Tuesday,October,0,0,2261.0,2287.0,2294.0,2418.0,2271.714285714286,2273.9285714285716,2320.5666666666666,12.737271891520251,53.40456091418374,2251.0,2286.0,2251.0,2419.0,-10.0,-0.442282176028308,8,0.4358974358974359,0.003998223011994669,2290,-0.8660254037844386,0.5000000000000001,0.7818314824680298,0.6234898018587336
2025-10-20,10,39,6,2243,7,2025,10,4,43,20,0,Monday,October,0,0,2251.0,2280.0,2294.0,2419.0,2266.4285714285716,2270.285714285714,2314.7,15.988090805955256,51.86331505289496,2243.0,2286.0,2243.0,2415.0,-8.0,-0.35539760106618745,-1,0.15384615384615385,0.003120820329915292,2282,-0.8660254037844386,0.5000000000000001,0.0,1.0
2025-10-19,9,34,17,2237,7,2025,10,4,42,19,6,Sunday,October,0,0,2243.0,2286.0,2264.0,2407.0,2259.4285714285716,2268.3571428571427,2309.0333333333333,16.701867588770256,50.70501800191664,2237.0,2282.0,2237.0,2415.0,-6.0,-0.2674988854213134,10,0.5,0.0031291908806437194,2271,-0.8660254037844386,0.5000000000000001,-0.7818314824680299,0.6234898018587334
2025-10-16,9,33,15,2233,9,2025,10,4,42,16,3,Thursday,October,0,0,2237.0,2282.0,2272.0,2410.0,2252.4285714285716,2265.5714285714284,2303.133333333333,15.914952537980055,48.814026625574314,2233.0,2276.0,2233.0,2415.0,-4.0,-0.17881090746535433,6,0.45454545454545453,0.004030452306314375,2266,-0.8660254037844386,0.5000000000000001,0.43388373911755823,-0.900968867902419
2025-10-15,8,29,10,2225,15,2025,10,4,42,15,2,Wednesday,October,0,0,2233.0,2276.0,2270.0,2415.0,2245.1428571428573,2262.3571428571427,2296.8,14.971401308605435,46.046752852680584,2225.0,2266.0,2225.0,2389.0,-8.0,-0.35826242722794,-5,0.3448275862068966,0.006741573033707865,2254,-0.8660254037844386,0.5000000000000001,0.9749279121818236,-0.22252093395631434
2025-10-14,7,30,16,2235,8,2025,10,4,42,14,1,Tuesday,October,0,0,2225.0,2266.0,2269.0,2389.0,2240.714285714286,2259.9285714285716,2291.6666666666665,12.079104350291201,43.95007617060852,2225.0,2261.0,2225.0,2375.0,10.0,0.44943820224718767,8,0.5333333333333333,0.0035794183445190158,2265,-0.8660254037844386,0.5000000000000001,0.7818314824680298,0.6234898018587336
2025-10-13,8,24,7,2223,6,2025,10,4,42,13,0,Monday,October,0,0,2235.0,2261.0,2277.0,2375.0,2235.285714285714,2256.0714285714284,2286.6,9.75900072950932,42.75721354748024,2223.0,2251.0,2223.0,2375.0,-12.0,-0.5369127516778538,1,0.2916666666666667,0.002699055330634278,2247,-0.8660254037844386,0.5000000000000001,0.0,1.0
2025-10-09,11,55,13,2192,12,2025,10,4,41,9,3,Thursday,October,0,0,2223.0,2251.0,2287.0,2371.0,2226.8571428571427,2249.285714285714,2280.633333333333,16.836751185328605,43.06169057761564,2192.0,2243.0,2192.0,2375.0,-31.0,-1.3945119208277124,1,0.23636363636363636,0.005474452554744526,2247,-0.8660254037844386,0.5000000000000001,0.43388373911755823,-0.900968867902419
2025-10-08,8,49,15,2192,17,2025,10,4,41,8,2,Wednesday,October,0,0,2192.0,2243.0,2280.0,2375.0,2219.5714285714284,2243.0,2274.5333333333333,19.509460464593225,42.18574144908709,2192.0,2237.0,2192.0,2345.0,0.0,0.0,-2,0.30612244897959184,0.007755474452554745,2241,-0.8660254037844386,0.5000000000000001,0.9749279121818236,-0.22252093395631434
2025-10-07,11,45,4,2189,10,2025,10,4,41,7,1,Tuesday,October,0,0,2192.0,2237.0,2286.0,2340.0,2212.714285714286,2236.0714285714284,2269.5,20.75824563649934,43.103524137864774,2189.0,2235.0,2189.0,2345.0,-3.0,-0.13686131386860811,-6,0.08888888888888889,0.0045682960255824575,2234,-0.8660254037844386,0.5000000000000001,0.7818314824680298,0.6234898018587336
2025-10-06,5,33,15,2187,10,2025,10,4,41,6,0,Monday,October,0,0,2189.0,2233.0,2282.0,2340.0,2206.1428571428573,2229.285714285714,2264.4,20.546115378419863,43.52375490900765,2187.0,2235.0,2187.0,2345.0,-2.0,-0.0913659205116546,5,0.45454545454545453,0.004572473708276178,2220,-0.8660254037844386,0.5000000000000001,0.0,1.0
2025-10-05,8,28,13,2180,16,2025,10,4,40,5,6,Sunday,October,0,0,2187.0,2225.0,2276.0,2345.0,2199.714285714286,2222.4285714285716,2258.9,20.701966780282337,43.41249621464171,2180.0,2235.0,2180.0,2343.0,-7.0,-0.32007315957933713,-3,0.4642857142857143,0.007339449541284404,2208,-0.8660254037844386,0.5000000000000001,-0.7818314824680299,0.6234898018587334
2025-10-02,20,51,15,2164,16,2025,10,4,40,2,3,Thursday,October,0,0,2180.0,2235.0,2266.0,2343.0,2189.5714285714284,2215.1428571428573,2252.9333333333334,17.709292691113784,43.754750152636355,2164.0,2223.0,2164.0,2340.0,-16.0,-0.7339449541284404,-1,0.29411764705882354,0.0073937153419593345,2215,-0.8660254037844386,0.5000000000000001,0.43388373911755823,-0.900968867902419
2025-10-01,4,33,12,2163,14,2025,10,4,40,1,2,Wednesday,October,1,0,2164.0,2223.0,2261.0,2340.0,2181.0,2208.1428571428573,2247.0333333333333,12.622730819193977,43.54267295213052,2163.0,2192.0,2163.0,2317.0,-1.0,-0.046210720887240875,-2,0.36363636363636365,0.006472491909385114,2196,-0.8660254037844386,0.5000000000000001,0.9749279121818236,-0.22252093395631434
2025-09-30,8,32,12,2159,7,2025,9,3,40,30,1,Tuesday,September,0,1,2163.0,2192.0,2251.0,2317.0,2176.285714285714,2201.5714285714284,2241.766666666667,13.924969009131106,44.33624137035861,2159.0,2192.0,2159.0,2302.0,-4.0,-0.1849283402681423,5,0.375,0.003242241778601204,2191,-1.0,-1.8369701987210297e-16,0.7818314824680298,0.6234898018587336
2025-09-29,8,35,12,2148,13,2025,9,3,40,29,0,Monday,September,0,0,2159.0,2192.0,2243.0,2302.0,2170.0,2194.785714285714,2236.633333333333,15.491933384845963,46.005609353144784,2148.0,2189.0,2148.0,2294.0,-11.0,-0.5094951366373279,-1,0.34285714285714286,0.006052141527001862,2183,-1.0,-1.8369701987210297e-16,0.0,1.0
2025-09-28,11,29,12,2146,9,2025,9,3,39,28,6,Sunday,September,0,0,2148.0,2189.0,2237.0,2294.0,2163.8571428571427,2188.285714285714,2231.7,15.225292240546208,47.55117026008514,2146.0,2187.0,2146.0,2294.0,-2.0,-0.09310986964617962,3,0.41379310344827586,0.004193849021435228,2175,-1.0,-1.8369701987210297e-16,-0.7818314824680299,0.6234898018587334
2025-09-25,6,35,12,2132,18,2025,9,3,39,25,3,Thursday,September,0,0,2146.0,2187.0,2233.0,2294.0,2156.0,2181.0714285714284,2226.3,15.481171359661195,49.395064670402824,2132.0,2180.0,2132.0,2287.0,-14.0,-0.6523765144454852,-6,0.34285714285714286,0.008442776735459663,2167,-1.0,-1.8369701987210297e-16,0.43388373911755823,-0.900968867902419
2025-09-24,3,38,12,2138,17,2025,9,3,39,24,2,Wednesday,September,0,0,2132.0,2180.0,2225.0,2264.0,2150.0,2174.8571428571427,2222.1,12.476644848163543,51.395256724655944,2132.0,2164.0,2132.0,2287.0,6.0,0.2814258911819856,-5,0.3157894736842105,0.007951356407857811,2176,-1.0,-1.8369701987210297e-16,0.9749279121818236,-0.22252093395631434
2025-09-23,11,36,10,2145,15,2025,9,3,39,23,1,Tuesday,September,0,0,2138.0,2164.0,2235.0,2272.0,2147.285714285714,2168.4285714285716,2217.866666666667,10.889050857259043,52.36459275801586,2132.0,2163.0,2132.0,2287.0,7.0,0.3274087932647385,-5,0.2777777777777778,0.006993006993006993,2181,-1.0,-1.8369701987210297e-16,0.7818314824680298,0.6234898018587336
2025-09-22,17,40,14,2141,10,2025,9,3,39,22,0,Monday,September,0,0,2145.0,2163.0,2223.0,2270.0,2144.1428571428573,2162.5714285714284,2213.5666666666666,8.5132949248069,53.22540444337774,2132.0,2159.0,2132.0,2287.0,-4.0,-0.18648018648018683,4,0.35,0.004670714619336758,2181,-1.0,-1.8369701987210297e-16,0.0,1.0
2025-09-21,8,35,13,2134,5,2025,9,3,38,21,6,Sunday,September,0,0,2141.0,2159.0,2192.0,2269.0,2140.5714285714284,2158.4285714285716,2209.0666666666666,6.160550377437269,54.077169211093924,2132.0,2148.0,2132.0,2287.0,-7.0,-0.32695002335357826,8,0.37142857142857144,0.0023430178069353325,2169,-1.0,-1.8369701987210297e-16,-0.7818314824680299,0.6234898018587334
2025-09-18,20,52,11,2096,14,2025,9,3,38,18,3,Thursday,September,0,0,2134.0,2148.0,2192.0,2277.0,2133.1428571428573,2151.5714285714284,2203.0333333333333,17.189420888347957,56.28834835842835,2096.0,2146.0,2096.0,2287.0,-38.0,-1.7806935332708496,-3,0.21153846153846154,0.006679389312977099,2148,-1.0,-1.8369701987210297e-16,0.43388373911755823,-0.900968867902419
2025-09-17,7,38,5,2096,13,2025,9,3,38,17,2,Wednesday,September,0,0,2096.0,2146.0,2189.0,2287.0,2126.0,2144.9285714285716,2196.6666666666665,20.936411663270675,57.25703289633697,2096.0,2145.0,2096.0,2286.0,0.0,0.0,-8,0.13157894736842105,0.006202290076335878,2134,-1.0,-1.8369701987210297e-16,0.9749279121818236,-0.22252093395631434
2025-09-16,7,28,17,2095,12,2025,9,3,38,16,1,Tuesday,September,0,0,2096.0,2132.0,2187.0,2280.0,2120.714285714286,2138.3571428571427,2190.5,23.662306774813466,57.93084462202296,2095.0,2145.0,2095.0,2286.0,-1.0,-0.04770992366411875,5,0.6071428571428571,0.005727923627684964,2123,-1.0,-1.8369701987210297e-16,0.7818314824680298,0.6234898018587336
2025-09-15,9,47,10,2086,10,2025,9,3,38,15,0,Monday,September,0,0,2095.0,2138.0,2180.0,2286.0,2113.285714285714,2131.6428571428573,2183.8333333333335,25.427768847700204,58.06956787030513,2086.0,2145.0,2086.0,2282.0,-9.0,-0.42959427207637235,0,0.2127659574468085,0.004793863854266539,2133,-1.0,-1.8369701987210297e-16,0.0,1.0
2025-09-14,7,39,13,2083,5,2025,9,3,37,14,6,Sunday,September,0,0,2086.0,2145.0,2164.0,2282.0,2104.4285714285716,2125.8571428571427,2177.2,23.244046856913343,57.83472289562829,2083.0,2141.0,2083.0,2276.0,-3.0,-0.14381591562799834,8,0.3333333333333333,0.002400384061449832,2122,-1.0,-1.8369701987210297e-16,-0.7818314824680299,0.6234898018587334
2025-09-11,12,38,29,2047,6,2025,9,3,37,11,3,Thursday,September,0,0,2083.0,2141.0,2163.0,2276.0,2091.0,2117.5714285714284,2169.5666666666666,25.62550812505705,59.435089678218,2047.0,2134.0,2047.0,2266.0,-36.0,-1.728276524243877,23,0.7631578947368421,0.0029311187103077674,2085,-1.0,-1.8369701987210297e-16,0.43388373911755823,-0.900968867902419
2025-09-10,10,47,14,2025,18,2025,9,3,37,10,2,Wednesday,September,0,0,2047.0,2134.0,2159.0,2266.0,2075.4285714285716,2108.0,2161.5333333333333,28.135725468162004,62.175354543774425,2025.0,2096.0,2025.0,2261.0,-22.0,-1.0747435271128536,-4,0.2978723404255319,0.008888888888888889,2072,-1.0,-1.8369701987210297e-16,0.9749279121818236,-0.22252093395631434
2025-09-09,18,42,11,2023,14,2025,9,3,37,9,1,Tuesday,September,0,0,2025.0,2096.0,2148.0,2261.0,2065.0,2099.0714285714284,2153.6,32.43968762695004,64.19721768597994,2023.0,2096.0,2023.0,2251.0,-2.0,-0.09876543209876854,-3,0.2619047619047619,0.006920415224913495,2065,-1.0,-1.8369701987210297e-16,0.7818314824680298,0.6234898018587336
2025-09-08,7,25,5,2025,6,2025,9,3,37,8,0,Monday,September,0,0,2023.0,2096.0,2146.0,2251.0,2054.8571428571427,2090.4285714285716,2146.0666666666666,32.23056815835421,65.61798183600531,2023.0,2095.0,2023.0,2243.0,2.0,0.0988630746416197,-1,0.2,0.002962962962962963,2050,-1.0,-1.8369701987210297e-16,0.0,1.0
2025-09-07,4,19,9,2026,7,2025,9,3,36,7,6,Sunday,September,0,0,2025.0,2095.0,2132.0,2243.0,2045.0,2082.8571428571427,2138.8333333333335,28.2075639974012,66.51838394233071,2023.0,2086.0,2023.0,2237.0,1.0,0.049382716049373165,2,0.47368421052631576,0.0034550839091806516,2045,-1.0,-1.8369701987210297e-16,-0.7818314824680299,0.6234898018587334
2025-09-04,11,40,2,2015,14,2025,9,3,36,4,3,Thursday,September,0,0,2026.0,2086.0,2138.0,2237.0,2034.857142857143,2074.0714285714284,2131.4333333333334,23.355431712495342,67.56130464295352,2015.0,2083.0,2015.0,2235.0,-11.0,-0.5429417571569561,-12,0.05,0.006947890818858561,2055,-1.0,-1.8369701987210297e-16,0.43388373911755823,-0.900968867902419
2025-09-03,4,29,11,2019,10,2025,9,3,36,3,2,Wednesday,September,0,0,2015.0,2083.0,2145.0,2233.0,2025.7142857142858,2065.0714285714284,2124.3,10.177004892024522,67.76488257457069,2015.0,2047.0,2015.0,2235.0,4.0,0.1985111662531125,1,0.3793103448275862,0.004952947003467063,2048,-1.0,-1.8369701987210297e-16,0.9749279121818236,-0.22252093395631434
2025-09-02,6,35,9,2020,9,2025,9,3,36,2,1,Tuesday,September,0,0,2019.0,2047.0,2141.0,2225.0,2021.857142857143,2056.4285714285716,2117.4666666666667,4.017817460229955,67.59602790479848,2015.0,2026.0,2015.0,2235.0,1.0,0.04952947003467045,0,0.2571428571428571,0.004455445544554455,2055,-1.0,-1.8369701987210297e-16,0.7818314824680298,0.6234898018587336
2025-09-01,10,29,17,2010,5,2025,9,3,36,1,0,Monday,September,1,0,2020.0,2025.0,2134.0,2235.0,2019.7142857142858,2047.5714285714287,2109.9666666666667,5.707138387344817,66.58025146436472,2010.0,2026.0,2010.0,2223.0,-10.0,-0.4950495049504955,12,0.5862068965517241,0.0024875621890547263,2039,-1.0,-1.8369701987210297e-16,0.0,1.0
2025-08-28,8,33,6,1984,17,2025,8,3,35,28,3,Thursday,August,0,0,2010.0,2023.0,2096.0,2223.0,2014.142857142857,2039.5714285714287,2102.0,14.392458342609412,66.88693496465591,1984.0,2026.0,1984.0,2192.0,-26.0,-1.2935323383084563,-11,0.18181818181818182,0.008568548387096774,2017,-0.8660254037844384,-0.5000000000000004,0.43388373911755823,-0.900968867902419
2025-08-27,5,19,9,1988,19,2025,8,3,35,27,2,Wednesday,August,0,0,1984.0,2025.0,2096.0,2192.0,2008.857142857143,2031.857142857143,2095.2,16.395411669440563,67.78536104804935,1984.0,2026.0,1984.0,2192.0,4.0,0.20161290322580072,-10,0.47368421052631576,0.009557344064386318,2007,-0.8660254037844384,-0.5000000000000004,0.9749279121818236,-0.22252093395631434
2025-08-26,10,21,20,1989,15,2025,8,3,35,26,1,Tuesday,August,0,0,1988.0,2026.0,2095.0,2192.0,2003.5714285714287,2024.2857142857142,2088.4333333333334,15.904476758236957,67.92119334749474,1984.0,2020.0,1984.0,2189.0,1.0,0.05030181086518315,5,0.9523809523809523,0.007541478129713424,2010,-0.8660254037844384,-0.5000000000000004,0.7818314824680298,0.6234898018587336
2025-08-25,8,30,8,1980,11,2025,8,3,35,25,0,Monday,August,0,0,1989.0,2015.0,2086.0,2189.0,1998.5714285714287,2016.7142857142858,2081.4666666666667,17.164470502173394,67.96892461003296,1980.0,2020.0,1980.0,2187.0,-9.0,-0.4524886877828038,-3,0.26666666666666666,0.005555555555555556,2010,-0.8660254037844384,-0.5000000000000004,0.0,1.0
2025-08-24,4,21,5,1981,5,2025,8,3,34,24,6,Sunday,August,0,0,1980.0,2019.0,2083.0,2187.0,1993.142857142857,2009.4285714285713,2074.6,15.56094011118242,67.34245983443444,1980.0,2020.0,1980.0,2180.0,1.0,0.05050505050505638,0,0.23809523809523808,0.002523977788995457,2002,-0.8660254037844384,-0.5000000000000004,-0.7818314824680299,0.6234898018587334
2025-08-21,6,49,8,1972,21,2025,8,3,34,21,3,Thursday,August,0,0,1981.0,2020.0,2047.0,2180.0,1986.2857142857142,2004.0714285714287,2067.6666666666665,11.898379241409312,66.82211761310445,1972.0,2010.0,1972.0,2164.0,-9.0,-0.4543160020191839,-13,0.16326530612244897,0.010649087221095335,2021,-0.8660254037844384,-0.5000000000000004,0.43388373911755823,-0.900968867902419
2025-08-20,10,38,10,1983,10,2025,8,3,34,20,2,Wednesday,August,0,0,1972.0,2010.0,2025.0,2164.0,1982.4285714285713,2001.0714285714287,2061.633333333333,5.682051943329923,65.99032496136446,1972.0,1989.0,1972.0,2163.0,11.0,0.5578093306288112,0,0.2631578947368421,0.005042864346949067,2021,-0.8660254037844384,-0.5000000000000004,0.9749279121818236,-0.22252093395631434
2025-08-19,5,35,3,1980,11,2025,8,3,34,19,1,Tuesday,August,0,0,1983.0,1984.0,2023.0,2163.0,1981.857142857143,1998.0,2055.5333333333333,5.698788509602498,64.74338380967738,1972.0,1989.0,1972.0,2159.0,-3.0,-0.1512859304084735,-8,0.08571428571428572,0.005555555555555556,2015,-0.8660254037844384,-0.5000000000000004,0.7818314824680298,0.6234898018587336
2025-08-18,4,20,6,1985,14,2025,8,3,34,18,0,Monday,August,0,0,1980.0,1988.0,2025.0,2159.0,1981.4285714285713,1995.142857142857,2049.733333333333,5.2553827282164765,62.92301444723717,1972.0,1989.0,1972.0,2148.0,5.0,0.2525252525252597,-8,0.3,0.007052896725440806,2005,-0.8660254037844384,-0.5000000000000004,0.0,1.0
2025-08-17,4,14,2,1991,3,2025,8,3,33,17,6,Sunday,August,0,0,1985.0,1989.0,2026.0,2148.0,1981.7142857142858,1992.642857142857,2044.5,5.765248931232975,60.96678010082927,1972.0,1991.0,1972.0,2146.0,6.0,0.3022670025188967,-1,0.14285714285714285,0.0015067805123053742,2005,-0.8660254037844384,-0.5000000000000004,-0.7818314824680299,0.6234898018587334
2025-08-14,3,27,4,1994,11,2025,8,3,33,14,3,Thursday,August,0,0,1991.0,1980.0,2015.0,2146.0,1983.7142857142858,1991.142857142857,2039.4333333333334,7.296444013290134,58.50710733916201,1972.0,1994.0,1972.0,2145.0,3.0,0.15067805123054612,-7,0.14814814814814814,0.005516549648946841,2021,-0.8660254037844384,-0.5000000000000004,0.43388373911755823,-0.900968867902419
2025-08-13,6,22,12,1997,17,2025,8,3,33,13,2,Wednesday,August,0,0,1994.0,1981.0,2019.0,2132.0,1986.0,1989.5714285714287,2034.9333333333334,8.67947771091724,56.29168697942305,1972.0,1997.0,1972.0,2145.0,3.0,0.15045135406217547,-5,0.5454545454545454,0.008512769153730596,2019,-0.8660254037844384,-0.5000000000000004,0.9749279121818236,-0.22252093395631434
2025-08-12,8,38,9,1999,9,2025,8,3,33,12,1,Tuesday,August,0,0,1997.0,1972.0,2020.0,2138.0,1989.857142857143,1988.0714285714287,2030.3,7.3127416525648,53.14855562965093,1980.0,1999.0,1972.0,2145.0,2.0,0.10015022533800266,0,0.23684210526315788,0.004502251125562781,2037,-0.8660254037844384,-0.5000000000000004,0.7818314824680298,0.6234898018587336
2025-08-11,6,23,4,1999,16,2025,8,3,33,11,0,Monday,August,0,0,1999.0,1983.0,2010.0,2145.0,1992.142857142857,1987.2857142857142,2025.4333333333334,7.312741652564379,48.78926064231621,1980.0,1999.0,1972.0,2141.0,0.0,0.0,-12,0.17391304347826086,0.0080040020010005,2022,-0.8660254037844384,-0.5000000000000004,0.0,1.0
2025-08-10,0,18,8,2006,12,2025,8,3,32,10,6,Sunday,August,0,0,1999.0,1980.0,1984.0,2141.0,1995.857142857143,1988.857142857143,2020.9333333333334,6.693991620137746,43.72558103424703,1985.0,2006.0,1972.0,2134.0,7.0,0.35017508754378035,-4,0.4444444444444444,0.005982053838484547,2024,-0.8660254037844384,-0.5000000000000004,-0.7818314824680299,0.6234898018587334
2025-08-07,4,18,6,2031,17,2025,8,3,32,7,3,Thursday,August,0,0,2006.0,1985.0,1988.0,2134.0,2002.4285714285713,1991.9285714285713,2017.5,13.439458605910524,38.24129380296966,1991.0,2031.0,1972.0,2096.0,25.0,1.2462612163509412,-11,0.3333333333333333,0.008370260955194485,2049,-0.8660254037844384,-0.5000000000000004,0.43388373911755823,-0.900968867902419
2025-08-06,4,17,3,2036,13,2025,8,3,32,6,2,Wednesday,August,0,0,2031.0,1991.0,1989.0,2096.0,2008.857142857143,1995.2857142857142,2015.5,17.276463482932744,35.46221884651548,1994.0,2036.0,1972.0,2096.0,5.0,0.2461841457410241,-10,0.17647058823529413,0.0063850687622789785,2053,-0.8660254037844384,-0.5000000000000004,0.9749279121818236,-0.22252093395631434
2025-08-05,2,21,10,2042,14,2025,8,3,32,5,1,Tuesday,August,0,0,2036.0,1994.0,1980.0,2096.0,2015.7142857142858,1999.7142857142858,2013.7,19.746006226719913,32.48039196299653,1997.0,2042.0,1972.0,2095.0,6.0,0.29469548133596035,-4,0.47619047619047616,0.0068560235063663075,2063,-0.8660254037844384,-0.5000000000000004,0.7818314824680298,0.6234898018587336
2025-08-04,5,22,11,2040,14,2025,8,3,32,4,0,Monday,August,0,0,2042.0,1997.0,1981.0,2095.0,2021.857142857143,2003.9285714285713,2011.8666666666666,19.64203461483573,29.11064899754733,1999.0,2042.0,1972.0,2086.0,-2.0,-0.09794319294809117,-3,0.5,0.006862745098039216,2062,-0.8660254037844384,-0.5000000000000004,0.0,1.0
2025-08-03,5,26,3,2049,5,2025,8,3,31,3,6,Sunday,August,0,0,2040.0,1999.0,1972.0,2086.0,2029.0,2009.4285714285713,2010.6333333333334,19.02629759046299,26.531027162546653,1999.0,2049.0,1972.0,2083.0,9.0,0.4411764705882337,-2,0.11538461538461539,0.002440214738897023,2075,-0.8660254037844384,-0.5000000000000004,-0.7818314824680299,0.6234898018587334
2025-07-31,2,9,6,2058,15,2025,7,3,31,31,3,Thursday,July,0,1,2049.0,1999.0,1983.0,2083.0,2037.4285714285713,2014.7857142857142,2009.8,16.40992730899639,24.494052761652096,2006.0,2058.0,1972.0,2058.0,9.0,0.43923865300146137,-9,0.6666666666666666,0.007288629737609329,2067,-0.4999999999999998,-0.8660254037844388,0.43388373911755823,-0.900968867902419
2025-07-30,4,15,4,2063,16,2025,7,3,31,30,2,Wednesday,July,0,0,2058.0,2006.0,1980.0,2047.0,2045.5714285714287,2020.7142857142858,2010.3333333333333,11.674147261642794,25.486079139129977,2031.0,2063.0,1972.0,2063.0,5.0,0.24295432458698585,-12,0.26666666666666666,0.007755695588948134,2078,-0.4999999999999998,-0.8660254037844388,0.9749279121818236,-0.22252093395631434
2025-07-29,2,8,3,2072,12,2025,7,3,31,29,1,Tuesday,July,0,0,2063.0,2031.0,1985.0,2025.0,2051.4285714285716,2026.9285714285713,2011.9,13.314868166320922,27.761732530668528,2036.0,2072.0,1972.0,2072.0,9.0,0.43625787687833206,-9,0.375,0.005791505791505791,2080,-0.4999999999999998,-0.8660254037844388,0.7818314824680298,0.6234898018587336
2025-07-28,2,9,3,2080,14,2025,7,3,31,28,0,Monday,July,0,0,2072.0,2036.0,1991.0,2023.0,2057.714285714286,2033.2857142857142,2013.8,15.085470777281188,30.375125939870458,2040.0,2080.0,1972.0,2080.0,8.0,0.38610038610038533,-11,0.3333333333333333,0.006730769230769231,2089,-0.4999999999999998,-0.8660254037844388,0.0,1.0
2025-07-27,1,12,2,2088,4,2025,7,3,30,27,6,Sunday,July,0,0,2080.0,2042.0,1994.0,2025.0,2064.285714285714,2040.0,2015.9,16.997198648763394,33.220631312913035,2040.0,2088.0,1972.0,2088.0,8.0,0.38461538461538325,-2,0.16666666666666666,0.0019157088122605363,2100,-0.4999999999999998,-0.8660254037844388,-0.7818314824680299,0.6234898018587334
2025-07-24,6,18,7,2096,29,2025,7,3,30,24,3,Thursday,July,0,0,2088.0,2040.0,1997.0,2026.0,2072.285714285714,2047.0714285714287,2018.2333333333333,16.839579227883767,36.27261086345282,2049.0,2096.0,1972.0,2096.0,8.0,0.3831417624521105,-22,0.3888888888888889,0.01383587786259542,2114,-0.4999999999999998,-0.8660254037844388,0.43388373911755823,-0.900968867902419
2025-07-23,6,21,5,2111,14,2025,7,3,30,23,2,Wednesday,July,0,0,2096.0,2049.0,1999.0,2015.0,2081.1428571428573,2055.0714285714284,2021.4333333333334,18.74769827143896,40.018688163153676,2058.0,2111.0,1972.0,2111.0,15.0,0.7156488549618256,-9,0.23809523809523808,0.006631927996210327,2132,-0.4999999999999998,-0.8660254037844388,0.9749279121818236,-0.22252093395631434
2025-07-22,5,13,3,2117,16,2025,7,3,30,22,1,Tuesday,July,0,0,2111.0,2058.0,1999.0,2019.0,2089.5714285714284,2063.5,2024.7,19.839834868762125,43.64839926757406,2063.0,2117.0,1972.0,2117.0,6.0,0.28422548555187,-13,0.23076923076923078,0.007557864903164856,2130,-0.4999999999999998,-0.8660254037844388,0.7818314824680298,0.6234898018587336
2025-07-21,4,18,7,2121,16,2025,7,3,30,21,0,Monday,July,0,0,2117.0,2063.0,2006.0,2020.0,2097.8571428571427,2071.714285714286,2028.0666666666666,18.986210534934806,47.03698715819704,2072.0,2121.0,1972.0,2121.0,4.0,0.18894662257911143,-9,0.3888888888888889,0.007543611504007544,2139,-0.4999999999999998,-0.8660254037844388,0.0,1.0
2025-07-17,3,16,2,2153,17,2025,7,3,29,17,3,Thursday,July,0,0,2121.0,2072.0,2031.0,2010.0,2109.4285714285716,2080.4285714285716,2032.8333333333333,24.487120035228678,52.11465035486686,2080.0,2153.0,1972.0,2153.0,32.0,1.5087223008015016,-15,0.125,0.007895959126799815,2169,-0.4999999999999998,-0.8660254037844388,0.43388373911755823,-0.900968867902419
2025-07-16,1,9,0,2164,11,2025,7,3,29,16,2,Wednesday,July,0,0,2153.0,2080.0,2036.0,1984.0,2121.4285714285716,2089.5714285714284,2038.8333333333333,27.993196452346606,56.477693694575294,2088.0,2164.0,1972.0,2164.0,11.0,0.510915002322343,-11,0.0,0.005083179297597043,2173,-0.4999999999999998,-0.8660254037844388,0.9749279121818236,-0.22252093395631434
2025-07-15,0,8,5,2171,17,2025,7,3,29,15,1,Tuesday,July,0,0,2164.0,2088.0,2042.0,1988.0,2133.285714285714,2098.785714285714,2044.9333333333334,29.032822148481404,60.53493339320949,2096.0,2171.0,1972.0,2171.0,7.0,0.32347504621073053,-12,0.625,0.00783049286043298,2179,-0.4999999999999998,-0.8660254037844388,0.7818314824680298,0.6234898018587336
2025-07-14,2,9,1,2181,26,2025,7,3,29,14,0,Monday,July,0,0,2171.0,2096.0,2040.0,1989.0,2145.4285714285716,2108.8571428571427,2051.3333333333335,28.611519491624435,64.441009288819,2111.0,2181.0,1972.0,2181.0,10.0,0.4606172270843034,-25,0.1111111111111111,0.01192113709307657,2190,-0.4999999999999998,-0.8660254037844388,0.0,1.0
2025-07-13,1,13,4,2204,10,2025,7,3,28,13,6,Sunday,July,0,0,2181.0,2111.0,2049.0,1980.0,2158.714285714286,2119.9285714285716,2058.8,31.41504037726655,68.72554110373159,2117.0,2204.0,1972.0,2204.0,23.0,1.0545621274644645,-6,0.3076923076923077,0.004537205081669692,2217,-0.4999999999999998,-0.8660254037844388,-0.7818314824680299,0.6234898018587334
2025-07-10,2,12,3,2252,39,2025,7,3,28,10,3,Thursday,July,0,0,2204.0,2117.0,2058.0,1981.0,2178.0,2133.785714285714,2067.8333333333335,41.39243087007351,75.61202391762963,2121.0,2252.0,1972.0,2252.0,48.0,2.177858439201441,-36,0.25,0.017317939609236235,2264,-0.4999999999999998,-0.8660254037844388,0.43388373911755823,-0.900968867902419
2025-07-09,2,18,0,2281,32,2025,7,3,28,9,2,Wednesday,July,0,0,2252.0,2121.0,2063.0,1972.0,2200.8571428571427,2149.3571428571427,2078.133333333333,48.27500585682647,82.81084941968535,2153.0,2281.0,1980.0,2281.0,29.0,1.2877442273534712,-32,0.0,0.014028934677772907,2299,-0.4999999999999998,-0.8660254037844388,0.9749279121818236,-0.22252093395631434
2025-07-08,5,16,8,2306,20,2025,7,3,28,8,1,Tuesday,July,0,0,2281.0,2153.0,2072.0,1983.0,2222.714285714286,2166.0714285714284,2088.9,56.86743146920892,90.64266712453265,2164.0,2306.0,1980.0,2306.0,25.0,1.0960105217010074,-12,0.5,0.008673026886383347,2322,-0.4999999999999998,-0.8660254037844388,0.7818314824680298,0.6234898018587336
2025-07-07,3,18,8,2317,20,2025,7,3,28,7,0,Monday,July,0,0,2306.0,2164.0,2080.0,1980.0,2244.5714285714284,2183.0,2100.133333333333,59.86333642238326,97.31772824046786,2171.0,2317.0,1985.0,2317.0,11.0,0.4770164787510911,-12,0.4444444444444444,0.008631851532153647,2335,-0.4999999999999998,-0.8660254037844388,0.0,1.0
2025-07-06,4,17,2,2332,8,2025,7,3,27,6,6,Sunday,July,0,0,2317.0,2171.0,2088.0,1985.0,2267.5714285714284,2200.4285714285716,2111.7,57.77789987777405,103.58143556209234,2181.0,2332.0,1991.0,2332.0,15.0,0.6473888649115134,-6,0.11764705882352941,0.003430531732418525,2349,-0.4999999999999998,-0.8660254037844388,-0.7818314824680299,0.6234898018587334
2025-07-02,8,20,9,2373,38,2025,7,3,27,2,2,Wednesday,July,0,0,2332.0,2181.0,2096.0,1991.0,2295.0,2220.214285714286,2124.4333333333334,55.353410012395294,111.41555742705764,2204.0,2373.0,1994.0,2373.0,41.0,1.758147512864494,-29,0.45,0.016013485040033713,2393,-0.4999999999999998,-0.8660254037844388,0.9749279121818236,-0.22252093395631434
2025-07-01,7,14,6,2391,22,2025,7,3,27,1,1,Tuesday,July,1,0,2373.0,2204.0,2111.0,1994.0,2321.714285714286,2240.214285714286,2137.6666666666665,48.85937059805848,118.72609257223772,2252.0,2391.0,1997.0,2391.0,18.0,0.7585335018963413,-16,0.42857142857142855,0.009201171058134672,2405,-0.4999999999999998,-0.8660254037844388,0.7818314824680298,0.6234898018587336
2025-06-30,9,22,8,2407,16,2025,6,2,27,30,0,Monday,June,0,1,2391.0,2252.0,2117.0,1997.0,2343.8571428571427,2260.9285714285716,2151.3333333333335,47.09008590432289,125.38639131276172,2281.0,2407.0,1999.0,2407.0,16.0,0.6691760769552468,-8,0.36363636363636365,0.006647278770253427,2429,1.2246467991473532e-16,-1.0,0.0,1.0
2025-06-29,5,17,7,2413,20,2025,6,2,26,29,6,Sunday,June,0,0,2407.0,2281.0,2121.0,1999.0,2362.714285714286,2281.785714285714,2165.133333333333,44.05570067431766,130.71177382352406,2306.0,2413.0,1999.0,2413.0,6.0,0.2492729538845051,-13,0.4117647058823529,0.008288437629506838,2430,1.2246467991473532e-16,-1.0,-0.7818314824680299,0.6234898018587334
2025-06-26,3,9,7,2447,35,2025,6,2,26,26,3,Thursday,June,0,0,2413.0,2306.0,2153.0,1999.0,2382.8571428571427,2302.785714285714,2180.0666666666666,45.9943060658218,136.53847085341397,2317.0,2447.0,2006.0,2447.0,34.0,1.4090343970161623,-28,0.7777777777777778,0.014303228442991417,2456,1.2246467991473532e-16,-1.0,0.43388373911755823,-0.900968867902419
2025-06-25,6,12,2,2470,24,2025,6,2,26,25,2,Wednesday,June,0,0,2447.0,2317.0,2164.0,2006.0,2404.714285714286,2324.6428571428573,2195.5333333333333,45.83562764820676,142.29952221630433,2332.0,2470.0,2031.0,2470.0,23.0,0.9399264405394403,-22,0.16666666666666666,0.009716599190283401,2482,1.2246467991473532e-16,-1.0,0.9749279121818236,-0.22252093395631434
2025-06-24,5,20,5,2489,16,2025,6,2,26,24,1,Tuesday,June,0,0,2470.0,2332.0,2171.0,2031.0,2427.1428571428573,2347.3571428571427,2210.8,42.62404865577426,148.47324152275976,2373.0,2489.0,2036.0,2489.0,19.0,0.7692307692307665,-11,0.25,0.0064282844515869825,2509,1.2246467991473532e-16,-1.0,0.7818314824680298,0.6234898018587336
2025-06-23,3,15,5,2495,17,2025,6,2,26,23,0,Monday,June,0,0,2489.0,2373.0,2181.0,2036.0,2444.5714285714284,2369.785714285714,2226.1,41.72871570376916,153.4069076356884,2391.0,2495.0,2040.0,2495.0,6.0,0.24106066693452277,-12,0.3333333333333333,0.006813627254509018,2510,1.2246467991473532e-16,-1.0,0.0,1.0
2025-06-22,7,13,5,2508,7,2025,6,2,25,22,6,Sunday,June,0,0,2495.0,2391.0,2204.0,2042.0,2461.285714285714,2391.5,2241.633333333333,40.09453115540436,157.6566507960562,2407.0,2508.0,2040.0,2508.0,13.0,0.5210420841683439,-2,0.38461538461538464,0.0027910685805422647,2521,1.2246467991473532e-16,-1.0,-0.7818314824680299,0.6234898018587334
2025-06-19,8,19,7,2501,18,2025,6,2,25,19,3,Thursday,June,0,0,2508.0,2407.0,2252.0,2040.0,2474.714285714286,2409.285714285714,2257.0,34.1892492152871,159.77829467194692,2413.0,2508.0,2049.0,2508.0,-7.0,-0.2791068580542233,-11,0.3684210526315789,0.007197121151539384,2520,1.2246467991473532e-16,-1.0,0.43388373911755823,-0.900968867902419
2025-06-17,7,24,10,2523,14,2025,6,2,25,17,1,Tuesday,June,0,0,2501.0,2413.0,2281.0,2049.0,2490.4285714285716,2426.5714285714284,2272.8,25.191646385642958,161.92237390926968,2447.0,2523.0,2058.0,2523.0,22.0,0.8796481407437051,-4,0.4166666666666667,0.005548949663099485,2547,1.2246467991473532e-16,-1.0,0.7818314824680298,0.6234898018587336
2025-06-10,17,28,7,2511,12,2025,6,2,24,10,1,Tuesday,June,0,0,2523.0,2447.0,2306.0,2058.0,2499.5714285714284,2441.214285714286,2287.9,17.125586538449742,162.32223167684447,2470.0,2523.0,2063.0,2523.0,-12.0,-0.47562425683710385,-5,0.25,0.0047789725209080045,2539,1.2246467991473532e-16,-1.0,0.7818314824680298,0.6234898018587336
2025-06-09,8,21,14,2516,9,2025,6,2,24,9,0,Monday,June,0,0,2511.0,2470.0,2317.0,2063.0,2506.1428571428573,2455.4285714285716,2303.0,11.922367933555067,161.74863427446462,2489.0,2523.0,2072.0,2523.0,5.0,0.19912385503784158,5,0.6666666666666666,0.003577106518282989,2537,1.2246467991473532e-16,-1.0,0.0,1.0
2025-06-08,10,16,15,2507,13,2025,6,2,23,8,6,Sunday,June,0,0,2516.0,2489.0,2332.0,2072.0,2508.714285714286,2467.9285714285716,2317.5,9.250482612903468,159.8127676052649,2495.0,2523.0,2080.0,2523.0,-9.0,-0.3577106518283024,2,0.9375,0.005185480654168329,2523,1.2246467991473532e-16,-1.0,-0.7818314824680299,0.6234898018587334
2025-06-05,8,26,5,2503,21,2025,6,2,23,5,3,Thursday,June,0,0,2507.0,2495.0,2373.0,2080.0,2509.8571428571427,2477.214285714286,2331.6,7.625146368631573,156.76725555355057,2501.0,2523.0,2088.0,2523.0,-4.0,-0.15955325089748174,-16,0.19230769230769232,0.008389932081502197,2529,1.2246467991473532e-16,-1.0,0.43388373911755823,-0.900968867902419
2025-06-04,4,16,9,2516,16,2025,6,2,23,4,2,Wednesday,June,0,0,2503.0,2508.0,2391.0,2088.0,2511.0,2486.1428571428573,2345.866666666667,7.895146188230456,153.2700419101054,2501.0,2523.0,2096.0,2523.0,13.0,0.5193767479025224,-7,0.5625,0.006359300476947536,2532,1.2246467991473532e-16,-1.0,0.9749279121818236,-0.22252093395631434
2025-06-03,5,23,11,2519,15,2025,6,2,23,3,1,Tuesday,June,0,0,2516.0,2501.0,2407.0,2096.0,2513.5714285714284,2494.1428571428573,2359.9666666666667,6.972736021049569,148.88516364642217,2503.0,2523.0,2111.0,2523.0,3.0,0.11923688394277487,-4,0.4782608695652174,0.0059547439460103215,2542,1.2246467991473532e-16,-1.0,0.7818314824680298,0.6234898018587336
2025-06-02,10,19,5,2518,16,2025,6,2,23,2,0,Monday,June,0,0,2519.0,2523.0,2413.0,2111.0,2512.8571428571427,2501.6428571428573,2373.5333333333333,6.0395521751522026,143.8756008006429,2503.0,2519.0,2117.0,2523.0,-1.0,-0.03969829297340022,-11,0.2631578947368421,0.006354249404289118,2537,1.2246467991473532e-16,-1.0,0.0,1.0
2025-06-01,8,24,16,2528,12,2025,6,2,22,1,6,Sunday,June,1,0,2518.0,2511.0,2447.0,2117.0,2515.285714285714,2507.4285714285716,2387.233333333333,8.199883855170674,138.05613134626654,2503.0,2528.0,2121.0,2528.0,10.0,0.3971405877680745,4,0.6666666666666666,0.004746835443037975,2552,1.2246467991473532e-16,-1.0,-0.7818314824680299,0.6234898018587334
2025-05-29,13,38,15,2506,11,2025,5,2,22,29,3,Thursday,May,0,0,2528.0,2516.0,2470.0,2121.0,2513.8571428571427,2510.0,2400.0666666666666,8.896227129691072,130.12061601699534,2503.0,2528.0,2153.0,2528.0,-22.0,-0.8702531645569667,4,0.39473684210526316,0.004389465283320032,2544,0.49999999999999994,-0.8660254037844387,0.43388373911755823,-0.900968867902419
2025-05-28,12,39,12,2499,14,2025,5,2,22,28,2,Wednesday,May,0,0,2506.0,2507.0,2489.0,2153.0,2512.714285714286,2510.714285714286,2411.6,10.323343865803581,122.58216104676546,2499.0,2528.0,2164.0,2528.0,-7.0,-0.27932960893854997,-2,0.3076923076923077,0.0056022408963585435,2538,0.49999999999999994,-0.8660254037844387,0.9749279121818236,-0.22252093395631434
2025-05-27,6,24,7,2504,11,2025,5,2,22,27,1,Tuesday,May,0,0,2499.0,2503.0,2495.0,2164.0,2512.8571428571427,2511.3571428571427,2422.9333333333334,10.172324733136792,114.34127179973176,2499.0,2528.0,2171.0,2528.0,5.0,0.2000800320127949,-4,0.2916666666666667,0.00439297124600639,2528,0.49999999999999994,-0.8660254037844387,0.7818314824680298,0.6234898018587336
2025-05-22,18,36,17,2473,15,2025,5,2,21,22,3,Thursday,May,0,0,2504.0,2516.0,2508.0,2171.0,2506.714285714286,2508.8571428571427,2433.0,17.96027362184753,104.24440777194042,2473.0,2528.0,2181.0,2528.0,-31.0,-1.2380191693290743,2,0.4722222222222222,0.00606550748079256,2509,0.49999999999999994,-0.8660254037844387,0.43388373911755823,-0.900968867902419
2025-05-21,14,62,13,2467,18,2025,5,2,21,21,2,Wednesday,May,0,0,2473.0,2519.0,2501.0,2181.0,2499.285714285714,2506.4285714285716,2442.5333333333333,22.268919190319448,92.85982514755868,2467.0,2528.0,2204.0,2528.0,-6.0,-0.24262029923169948,-5,0.20967741935483872,0.007296311309282529,2529,0.49999999999999994,-0.8660254037844387,0.9749279121818236,-0.22252093395631434
2025-05-19,7,27,17,2457,6,2025,5,2,21,19,0,Monday,May,0,0,2467.0,2518.0,2523.0,2204.0,2490.5714285714284,2501.714285714286,2450.9666666666667,25.435258617765584,81.2070505403909,2457.0,2528.0,2252.0,2528.0,-10.0,-0.4053506282934771,11,0.6296296296296297,0.002442002442002442,2484,0.49999999999999994,-0.8660254037844387,0.0,1.0
2025-05-18,13,28,14,2437,9,2025,5,2,20,18,6,Sunday,May,0,0,2457.0,2528.0,2511.0,2252.0,2477.5714285714284,2496.4285714285716,2457.133333333333,26.355626488841494,72.08937620008814,2437.0,2506.0,2281.0,2528.0,-20.0,-0.8140008140008148,5,0.5,0.0036930652441526466,2465,0.49999999999999994,-0.8660254037844387,-0.7818314824680299,0.6234898018587334
2025-05-15,15,31,14,2410,14,2025,5,2,20,15,3,Thursday,May,0,0,2437.0,2506.0,2516.0,2281.0,2463.8571428571427,2488.8571428571427,2461.4333333333334,33.1884948510249,64.68847540770288,2410.0,2504.0,2306.0,2528.0,-27.0,-1.107919573245797,0,0.45161290322580644,0.005809128630705394,2441,0.49999999999999994,-0.8660254037844387,0.43388373911755823,-0.900968867902419
2025-05-14,7,30,14,2394,11,2025,5,2,20,14,2,Wednesday,May,0,0,2410.0,2499.0,2507.0,2306.0,2448.8571428571427,2480.785714285714,2464.366666666667,38.03256749782411,59.15583355575686,2394.0,2504.0,2317.0,2528.0,-16.0,-0.663900414937757,3,0.4666666666666667,0.004594820384294068,2424,0.49999999999999994,-0.8660254037844387,0.9749279121818236,-0.22252093395631434
2025-05-13,18,29,12,2394,11,2025,5,2,20,13,1,Tuesday,May,0,0,2394.0,2504.0,2503.0,2317.0,2433.1428571428573,2473.0,2466.9333333333334,33.95795719920817,53.985907058396016,2394.0,2473.0,2332.0,2528.0,0.0,0.0,1,0.41379310344827586,0.004594820384294068,2423,0.49999999999999994,-0.8660254037844387,0.7818314824680298,0.6234898018587336
2025-05-12,7,33,14,2392,7,2025,5,2,20,12,0,Monday,May,0,0,2394.0,2473.0,2516.0,2332.0,2421.5714285714284,2464.1428571428573,2468.9333333333334,31.847852585160943,49.76076098022974,2392.0,2467.0,2373.0,2528.0,-2.0,-0.08354218880535225,7,0.42424242424242425,0.002926421404682274,2425,0.49999999999999994,-0.8660254037844387,0.0,1.0
2025-05-11,15,20,12,2385,3,2025,5,2,19,11,6,Sunday,May,0,0,2392.0,2467.0,2519.0,2373.0,2409.8571428571427,2454.5714285714284,2469.3333333333335,27.076610887319667,49.0055122397805,2385.0,2457.0,2385.0,2528.0,-7.0,-0.29264214046822445,9,0.6,0.0012578616352201257,2405,0.49999999999999994,-0.8660254037844387,-0.7818314824680299,0.6234898018587334
2025-05-08,15,24,16,2361,11,2025,5,2,19,8,3,Thursday,May,0,0,2385.0,2457.0,2518.0,2391.0,2396.1428571428573,2443.3571428571427,2468.3333333333335,23.262477450679125,50.92748958470782,2361.0,2437.0,2361.0,2528.0,-24.0,-1.0062893081761004,5,0.6666666666666666,0.004659042778483694,2385,0.49999999999999994,-0.8660254037844387,0.43388373911755823,-0.900968867902419
2025-05-07,10,30,15,2335,10,2025,5,2,19,7,2,Wednesday,May,0,0,2361.0,2437.0,2528.0,2407.0,2381.5714285714284,2429.5714285714284,2465.9333333333334,25.264317016025863,55.41625140280122,2335.0,2410.0,2335.0,2528.0,-26.0,-1.101228293096146,5,0.5,0.004282655246252677,2365,0.49999999999999994,-0.8660254037844387,0.9749279121818236,-0.22252093395631434
2025-05-06,10,33,16,2339,16,2025,5,2,19,6,1,Tuesday,May,0,0,2335.0,2410.0,2506.0,2413.0,2371.4285714285716,2417.6428571428573,2463.4666666666667,26.184328282765225,59.3602289551468,2335.0,2394.0,2335.0,2528.0,4.0,0.17130620985010836,0,0.48484848484848486,0.006840530141085934,2372,0.49999999999999994,-0.8660254037844387,0.7818314824680298,0.6234898018587336
2025-05-05,15,44,20,2331,17,2025,5,2,19,5,0,Monday,May,0,0,2339.0,2394.0,2499.0,2447.0,2362.4285714285716,2405.6428571428573,2459.6,27.90374612161689,64.06171593295124,2331.0,2394.0,2331.0,2528.0,-8.0,-0.3420265070542938,3,0.45454545454545453,0.007293007293007293,2375,0.49999999999999994,-0.8660254037844387,0.0,1.0
2025-05-04,9,31,10,2335,5,2025,5,2,18,4,6,Sunday,May,0,0,2331.0,2394.0,2504.0,2470.0,2354.0,2393.5714285714284,2455.1,25.59296778415177,67.93066952465043,2331.0,2392.0,2331.0,2528.0,4.0,0.1716001716001614,5,0.3225806451612903,0.0021413276231263384,2366,0.49999999999999994,-0.8660254037844387,-0.7818314824680299,0.6234898018587334
2025-05-01,13,32,14,2306,16,2025,5,2,18,1,3,Thursday,May,1,0,2335.0,2392.0,2473.0,2489.0,2341.714285714286,2381.6428571428573,2449.0,24.944700744622416,72.82193682371381,2306.0,2385.0,2306.0,2528.0,-29.0,-1.2419700214132745,-2,0.4375,0.006938421509106678,2338,0.49999999999999994,-0.8660254037844387,0.43388373911755823,-0.900968867902419
2025-04-30,7,34,9,2309,12,2025,4,2,18,30,2,Wednesday,April,0,1,2306.0,2385.0,2467.0,2495.0,2330.8571428571427,2370.3571428571427,2442.8,18.729909871919656,76.59089709123249,2306.0,2361.0,2306.0,2528.0,3.0,0.1300954032957602,-3,0.2647058823529412,0.00519705500216544,2343,0.8660254037844387,-0.49999999999999983,0.9749279121818236,-0.22252093395631434
2025-04-29,11,25,11,2304,15,2025,4,2,18,29,1,Tuesday,April,0,0,2309.0,2361.0,2457.0,2508.0,2322.714285714286,2359.4285714285716,2436.0,15.563999975547327,79.59942817329578,2304.0,2339.0,2304.0,2528.0,-5.0,-0.2165439584235651,-4,0.44,0.006510416666666667,2329,0.8660254037844387,-0.49999999999999983,0.7818314824680298,0.6234898018587336
2025-04-28,6,26,12,2307,8,2025,4,2,18,28,0,Monday,April,0,0,2304.0,2335.0,2437.0,2501.0,2318.714285714286,2350.1428571428573,2429.5333333333333,15.47809512091807,81.98138280387356,2304.0,2339.0,2304.0,2528.0,3.0,0.13020833333332593,4,0.46153846153846156,0.0034677069787602947,2333,0.8660254037844387,-0.49999999999999983,0.0,1.0
2025-04-27,9,40,12,2301,4,2025,4,2,17,27,6,Sunday,April,0,0,2307.0,2339.0,2410.0,2523.0,2313.285714285714,2342.3571428571427,2422.133333333333,13.744262872396869,83.26307843146074,2301.0,2335.0,2301.0,2528.0,-6.0,-0.2600780234070177,8,0.3,0.001738374619730552,2341,0.8660254037844387,-0.49999999999999983,-0.7818314824680299,0.6234898018587334
2025-04-24,3,9,7,2294,13,2025,4,2,17,24,3,Thursday,April,0,0,2301.0,2331.0,2394.0,2511.0,2308.0,2335.214285714286,2414.9,12.884098726756626,84.69024696523834,2294.0,2335.0,2294.0,2528.0,-7.0,-0.3042155584528472,-6,0.7777777777777778,0.005666957279860506,2303,0.8660254037844387,-0.49999999999999983,0.43388373911755823,-0.900968867902419
2025-04-23,3,23,4,2300,11,2025,4,2,17,23,2,Wednesday,April,0,0,2294.0,2335.0,2394.0,2516.0,2303.0,2328.5,2407.7,5.099019513675019,84.97997735774452,2294.0,2309.0,2294.0,2528.0,6.0,0.2615518744550904,-7,0.17391304347826086,0.004782608695652174,2323,0.8660254037844387,-0.49999999999999983,0.9749279121818236,-0.22252093395631434
2025-04-22,7,19,14,2305,17,2025,4,2,17,22,1,Tuesday,April,0,0,2300.0,2306.0,2392.0,2507.0,2302.8571428571427,2322.285714285714,2400.9666666666667,5.01426536430776,84.84325642570671,2294.0,2309.0,2294.0,2528.0,5.0,0.21739130434783593,-3,0.7368421052631579,0.00737527114967462,2324,0.8660254037844387,-0.49999999999999983,0.7818314824680298,0.6234898018587336
2025-04-21,10,25,5,2308,6,2025,4,2,17,21,0,Monday,April,0,0,2305.0,2309.0,2385.0,2503.0,2302.714285714286,2316.785714285714,2394.4666666666667,4.820590756218118,84.22413993105047,2294.0,2308.0,2294.0,2528.0,3.0,0.130151843817794,-1,0.2,0.0025996533795493936,2333,0.8660254037844387,-0.49999999999999983,0.0,1.0
2025-04-20,4,15,6,2305,4,2025,4,2,16,20,6,Sunday,April,0,0,2308.0,2304.0,2361.0,2516.0,2302.8571428571427,2312.785714285714,2387.4333333333334,4.879500364828685,82.51799525090676,2294.0,2308.0,2294.0,2528.0,-3.0,-0.12998266897746857,2,0.4,0.0017353579175704988,2320,0.8660254037844387,-0.49999999999999983,-0.7818314824680299,0.6234898018587334
2025-04-17,7,26,10,2288,14,2025,4,2,16,17,3,Thursday,April,0,0,2305.0,2307.0,2335.0,2519.0,2300.1428571428573,2309.4285714285716,2379.733333333333,7.010196655138334,80.57249181191094,2288.0,2308.0,2288.0,2528.0,-17.0,-0.7375271149674623,-4,0.38461538461538464,0.006118881118881119,2314,0.8660254037844387,-0.49999999999999983,0.43388373911755823,-0.900968867902419
2025-04-16,11,30,5,2291,8,2025,4,2,16,16,2,Wednesday,April,0,0,2288.0,2301.0,2339.0,2518.0,2298.714285714286,2306.0,2372.1666666666665,7.782764841127602,77.74941327345643,2288.0,2308.0,2288.0,2528.0,3.0,0.1311188811188746,-3,0.16666666666666666,0.003491924923614142,2321,0.8660254037844387,-0.49999999999999983,0.9749279121818236,-0.22252093395631434
2025-04-15,4,19,12,2286,7,2025,4,2,16,15,1,Tuesday,April,0,0,2291.0,2294.0,2331.0,2528.0,2297.5714285714284,2302.785714285714,2364.1,9.071147352269362,73.45951265832745,2286.0,2308.0,2286.0,2506.0,-5.0,-0.2182453077258839,5,0.631578947368421,0.0030621172353455816,2305,0.8660254037844387,-0.49999999999999983,0.7818314824680298,0.6234898018587336
2025-04-14,5,26,9,2282,13,2025,4,2,16,14,0,Monday,April,0,0,2286.0,2300.0,2335.0,2506.0,2295.0,2299.0,2356.633333333333,10.67707825207264,69.83353770578131,2282.0,2308.0,2282.0,2504.0,-4.0,-0.17497812773403787,-4,0.34615384615384615,0.0056967572304995615,2308,0.8660254037844387,-0.49999999999999983,0.0,1.0
2025-04-13,5,26,10,2283,3,2025,4,2,15,13,6,Sunday,April,0,0,2282.0,2305.0,2306.0,2499.0,2291.8571428571427,2297.3571428571427,2349.4333333333334,10.479003951255194,65.65935253040297,2282.0,2308.0,2282.0,2504.0,1.0,0.04382120946537782,7,0.38461538461538464,0.001314060446780552,2309,0.8660254037844387,-0.49999999999999983,-0.7818314824680299,0.6234898018587334
2025-04-11,8,22,8,2267,9,2025,4,2,15,11,4,Friday,April,0,0,2283.0,2308.0,2309.0,2504.0,2286.0,2294.3571428571427,2341.5333333333333,11.372481406195462,60.473837793465826,2267.0,2305.0,2267.0,2473.0,-16.0,-0.7008322382829557,-1,0.36363636363636365,0.003970004411116012,2289,0.8660254037844387,-0.49999999999999983,-0.433883739117558,-0.9009688679024191
2025-04-10,18,25,17,2265,6,2025,4,2,15,10,3,Thursday,April,0,0,2267.0,2305.0,2304.0,2473.0,2280.285714285714,2291.5714285714284,2334.6,10.226017239002953,56.68643333406269,2265.0,2291.0,2265.0,2467.0,-2.0,-0.08822232024702226,11,0.68,0.0026490066225165563,2290,0.8660254037844387,-0.49999999999999983,0.43388373911755823,-0.900968867902419
2025-04-09,6,19,10,2251,5,2025,4,2,15,9,2,Wednesday,April,0,0,2265.0,2288.0,2307.0,2467.0,2275.0,2287.5714285714284,2327.4,14.317821063310763,52.87956387737447,2251.0,2291.0,2251.0,2457.0,-14.0,-0.6181015452538685,5,0.5263157894736842,0.002221235006663705,2270,0.8660254037844387,-0.49999999999999983,0.9749279121818236,-0.22252093395631434
2025-04-08,12,34,12,2243,9,2025,4,2,15,8,1,Tuesday,April,0,0,2251.0,2291.0,2301.0,2457.0,2268.1428571428573,2283.4285714285716,2320.266666666667,16.67761545137302,49.09240641703568,2243.0,2286.0,2243.0,2437.0,-8.0,-0.35539760106618745,3,0.35294117647058826,0.004012483281319661,2277,0.8660254037844387,-0.49999999999999983,0.7818314824680298,0.6234898018587336
2025-04-07,12,22,9,2237,5,2025,4,2,15,7,0,Monday,April,0,0,2243.0,2286.0,2294.0,2437.0,2261.1428571428573,2279.3571428571427,2313.6,18.1514790162466,46.18747404459414,2237.0,2283.0,2237.0,2410.0,-6.0,-0.2674988854213134,4,0.4090909090909091,0.002235136343316942,2259,0.8660254037844387,-0.49999999999999983,0.0,1.0
2025-04-06,7,14,7,2234,11,2025,4,2,14,6,6,Sunday,April,0,0,2237.0,2282.0,2300.0,2410.0,2254.285714285714,2274.6428571428573,2307.733333333333,18.02511475430439,44.67347692120349,2234.0,2283.0,2234.0,2394.0,-3.0,-0.13410818059901297,-4,0.5,0.004923903312444047,2248,0.8660254037844387,-0.49999999999999983,-0.7818314824680299,0.6234898018587334
2025-04-03,12,26,18,2223,8,2025,4,2,14,3,3,Thursday,April,0,0,2234.0,2283.0,2305.0,2394.0,2245.714285714286,2268.785714285714,2302.0333333333333,16.27589511842201,44.19352685735111,2223.0,2267.0,2223.0,2394.0,-11.0,-0.4923903312444078,10,0.6923076923076923,0.003598740440845704,2249,0.8660254037844387,-0.49999999999999983,0.43388373911755823,-0.900968867902419
2025-04-02,5,31,16,2208,3,2025,4,2,14,2,2,Wednesday,April,0,0,2223.0,2267.0,2308.0,2394.0,2237.285714285714,2261.6428571428573,2295.8333333333335,18.53567987888676,43.89256738063829,2208.0,2265.0,2208.0,2392.0,-15.0,-0.6747638326585648,13,0.5161290322580645,0.001358695652173913,2239,0.8660254037844387,-0.49999999999999983,0.9749279121818236,-0.22252093395631434
2025-04-01,17,36,7,2191,12,2025,4,2,14,1,1,Tuesday,April,1,0,2208.0,2265.0,2305.0,2392.0,2226.714285714286,2253.5,2289.133333333333,21.029457797082376,44.047570940367166,2191.0,2251.0,2191.0,2385.0,-17.0,-0.7699275362318847,-5,0.19444444444444445,0.005476951163852123,2227,0.8660254037844387,-0.49999999999999983,0.7818314824680298,0.6234898018587336
2025-03-31,9,25,8,2193,5,2025,3,1,14,31,0,Monday,March,0,1,2191.0,2251.0,2288.0,2385.0,2218.4285714285716,2246.714285714286,2282.733333333333,21.290507609893094,43.58418989949226,2191.0,2243.0,2191.0,2361.0,2.0,0.09128251939753973,3,0.32,0.002279981760145919,2218,1.0,6.123233995736766e-17,0.0,1.0
2025-03-30,9,20,5,2188,2,2025,3,1,13,30,6,Sunday,March,0,0,2193.0,2243.0,2291.0,2361.0,2210.5714285714284,2239.3571428571427,2276.9666666666667,20.855512004110732,44.31041236185696,2188.0,2237.0,2188.0,2339.0,-5.0,-0.22799817601458772,3,0.25,0.0009140767824497258,2208,1.0,6.123233995736766e-17,-0.7818314824680299,0.6234898018587334
2025-03-27,1,19,13,2159,2,2025,3,1,13,27,3,Thursday,March,0,0,2188.0,2237.0,2286.0,2335.0,2199.4285714285716,2230.285714285714,2271.1,24.838526142942438,47.87004678616927,2159.0,2234.0,2159.0,2339.0,-29.0,-1.3254113345521068,11,0.6842105263157895,0.0009263547938860583,2178,1.0,6.123233995736766e-17,0.43388373911755823,-0.900968867902419
2025-03-26,9,21,15,2159,2,2025,3,1,13,26,2,Wednesday,March,0,0,2159.0,2234.0,2282.0,2339.0,2188.714285714286,2221.5,2265.1,23.58470044837065,50.285632417082525,2159.0,2223.0,2159.0,2335.0,0.0,0.0,13,0.7142857142857143,0.0009263547938860583,2180,1.0,6.123233995736766e-17,0.9749279121818236,-0.22252093395631434
2025-03-25,12,19,7,2145,6,2025,3,1,13,25,1,Tuesday,March,0,0,2159.0,2223.0,2283.0,2331.0,2177.5714285714284,2211.6428571428573,2258.9,23.10740965477702,53.258866835030446,2145.0,2208.0,2145.0,2335.0,-14.0,-0.6484483557202436,1,0.3684210526315789,0.002797202797202797,2164,1.0,6.123233995736766e-17,0.7818314824680298,0.6234898018587336
2025-03-24,7,13,11,2139,7,2025,3,1,13,24,0,Monday,March,0,0,2145.0,2208.0,2267.0,2335.0,2167.714285714286,2202.5,2252.366666666667,22.676818454964433,55.57317843096048,2139.0,2193.0,2139.0,2309.0,-6.0,-0.2797202797202747,4,0.8461538461538461,0.0032725572697522207,2152,1.0,6.123233995736766e-17,0.0,1.0
2025-03-23,15,29,9,2136,2,2025,3,1,12,23,6,Sunday,March,0,0,2139.0,2191.0,2265.0,2306.0,2159.8571428571427,2193.285714285714,2246.7,22.792020324612007,58.50561423104282,2136.0,2193.0,2136.0,2309.0,-3.0,-0.14025245441795509,7,0.3103448275862069,0.0009363295880149813,2165,1.0,6.123233995736766e-17,-0.7818314824680299,0.6234898018587334
2025-03-20,9,20,11,2124,7,2025,3,1,12,20,3,Thursday,March,0,0,2136.0,2193.0,2251.0,2309.0,2150.0,2184.214285714286,2240.5333333333333,20.912516188509752,61.391189603390714,2124.0,2188.0,2124.0,2308.0,-12.0,-0.5617977528089901,4,0.55,0.003295668549905838,2144,1.0,6.123233995736766e-17,0.43388373911755823,-0.900968867902419
2025-03-19,6,22,14,2119,9,2025,3,1,12,19,2,Wednesday,March,0,0,2124.0,2188.0,2243.0,2304.0,2140.1428571428573,2175.3571428571427,2234.366666666667,15.603723609367947,64.03096413311353,2119.0,2159.0,2119.0,2308.0,-5.0,-0.23540489642184248,5,0.6363636363636364,0.004247286455875413,2141,1.0,6.123233995736766e-17,0.9749279121818236,-0.22252093395631434
2025-03-18,19,34,6,2109,8,2025,3,1,12,18,1,Tuesday,March,0,0,2119.0,2159.0,2237.0,2307.0,2133.0,2166.214285714286,2227.766666666667,16.92138686203617,66.44504254013958,2109.0,2159.0,2109.0,2308.0,-10.0,-0.47192071731948504,-2,0.17647058823529413,0.003793266951161688,2143,1.0,6.123233995736766e-17,0.7818314824680298,0.6234898018587336
2025-03-17,5,14,0,2111,8,2025,3,1,12,17,0,Monday,March,0,0,2109.0,2159.0,2234.0,2301.0,2126.1428571428573,2157.4285714285716,2221.4333333333334,14.123604018717941,68.25443440606661,2109.0,2145.0,2109.0,2308.0,2.0,0.0948316737790389,-8,0.0,0.0037896731406916154,2125,1.0,6.123233995736766e-17,0.0,1.0
2025-03-16,1,9,8,2117,5,2025,3,1,11,16,6,Sunday,March,0,0,2111.0,2145.0,2223.0,2294.0,2122.1428571428573,2149.8571428571427,2215.5333333333333,11.639423975332395,69.40572039096381,2109.0,2139.0,2109.0,2308.0,6.0,0.28422548555187,3,0.8888888888888888,0.0023618327822390174,2126,1.0,6.123233995736766e-17,-0.7818314824680299,0.6234898018587334
2025-03-13,4,20,9,2116,6,2025,3,1,11,13,3,Thursday,March,0,0,2117.0,2139.0,2208.0,2300.0,2118.8571428571427,2143.285714285714,2209.4,9.04486173530994,69.81285327759365,2109.0,2136.0,2109.0,2308.0,-1.0,-0.04723665564477786,3,0.45,0.002835538752362949,2136,1.0,6.123233995736766e-17,0.43388373911755823,-0.900968867902419
2025-03-12,6,18,2,2113,8,2025,3,1,11,12,2,Wednesday,March,0,0,2116.0,2136.0,2191.0,2305.0,2115.5714285714284,2137.714285714286,2203.0,5.094347941957867,69.54680884620016,2109.0,2124.0,2109.0,2308.0,-3.0,-0.14177693761814325,-6,0.1111111111111111,0.003786086133459536,2131,1.0,6.123233995736766e-17,0.9749279121818236,-0.22252093395631434
2025-03-11,3,11,7,2116,20,2025,3,1,11,11,1,Tuesday,March,0,0,2113.0,2124.0,2193.0,2308.0,2114.4285714285716,2132.214285714286,2196.6,3.55232988620099,68.37553504802544,2109.0,2119.0,2109.0,2305.0,3.0,0.14197823000472454,-13,0.6363636363636364,0.00945179584120983,2127,1.0,6.123233995736766e-17,0.7818314824680298,0.6234898018587336
2025-03-10,6,28,8,2125,23,2025,3,1,11,10,0,Monday,March,0,0,2116.0,2119.0,2188.0,2305.0,2115.285714285714,2127.714285714286,2190.6,5.18698003718081,66.40450753292293,2109.0,2125.0,2109.0,2291.0,9.0,0.42533081285445196,-15,0.2857142857142857,0.010823529411764706,2153,1.0,6.123233995736766e-17,0.0,1.0
2025-03-09,12,25,15,2137,30,2025,3,1,10,9,6,Sunday,March,0,0,2125.0,2109.0,2159.0,2288.0,2119.285714285714,2126.1428571428573,2185.5666666666666,8.957571950001352,64.461527330242,2111.0,2137.0,2109.0,2291.0,12.0,0.5647058823529338,-15,0.6,0.014038371548900327,2162,1.0,6.123233995736766e-17,-0.7818314824680299,0.6234898018587334
2025-03-06,7,27,6,2218,33,2025,3,1,10,6,3,Thursday,March,0,0,2137.0,2111.0,2159.0,2291.0,2134.5714285714284,2130.3571428571427,2183.133333333333,37.68667820712101,61.661329374497896,2113.0,2218.0,2109.0,2286.0,81.0,3.7903603182030787,-27,0.2222222222222222,0.014878268710550046,2245,1.0,6.123233995736766e-17,0.43388373911755823,-0.900968867902419
2025-03-05,5,20,4,2238,40,2025,3,1,10,5,2,Wednesday,March,0,0,2218.0,2117.0,2145.0,2286.0,2151.8571428571427,2137.0,2181.5333333333333,52.944715101171916,59.484413103764396,2113.0,2238.0,2109.0,2283.0,20.0,0.9017132551848439,-36,0.2,0.017873100983020553,2258,1.0,6.123233995736766e-17,0.9749279121818236,-0.22252093395631434
2025-03-04,4,25,10,2272,30,2025,3,1,10,4,1,Tuesday,March,0,0,2238.0,2116.0,2139.0,2282.0,2174.1428571428573,2146.5,2181.2,66.44654134824698,58.92742467909822,2113.0,2272.0,2109.0,2283.0,34.0,1.5192135835567555,-20,0.4,0.013204225352112676,2297,1.0,6.123233995736766e-17,0.7818314824680298,0.6234898018587336
2025-03-03,8,29,18,2287,25,2025,3,1,10,3,0,Monday,March,0,0,2272.0,2113.0,2136.0,2283.0,2199.0,2157.285714285714,2181.3333333333335,72.06941098691924,59.169734419421005,2116.0,2287.0,2109.0,2287.0,15.0,0.660211267605626,-7,0.6206896551724138,0.010931351114997814,2316,1.0,6.123233995736766e-17,0.0,1.0
2025-03-02,12,24,4,2297,31,2025,3,1,9,2,6,Sunday,March,0,0,2287.0,2116.0,2124.0,2267.0,2224.8571428571427,2169.6428571428573,2182.3333333333335,69.76013324584238,60.89580322629097,2125.0,2297.0,2109.0,2297.0,10.0,0.4372540445999107,-27,0.16666666666666666,0.013495864170657379,2321,1.0,6.123233995736766e-17,-0.7818314824680299,0.6234898018587334
2025-02-27,10,15,17,2391,37,2025,2,1,9,27,3,Thursday,February,0,0,2297.0,2125.0,2119.0,2265.0,2262.8571428571427,2189.0714285714284,2186.5333333333333,78.23347231510111,70.39775336018414,2137.0,2391.0,2109.0,2391.0,94.0,4.092294296909005,-20,1.1333333333333333,0.01547469677959013,2406,0.8660254037844386,0.5000000000000001,0.43388373911755823,-0.900968867902419
2025-02-26,12,21,1,2411,23,2025,2,1,9,26,2,Wednesday,February,0,0,2391.0,2137.0,2109.0,2251.0,2302.0,2210.6428571428573,2191.866666666667,73.14825128920168,80.74981940124498,2218.0,2411.0,2109.0,2411.0,20.0,0.836470096194053,-22,0.047619047619047616,0.00953961012028204,2432,0.8660254037844386,0.5000000000000001,0.9749279121818236,-0.22252093395631434
2025-02-25,11,7,7,2413,23,2025,2,1,9,25,1,Tuesday,February,0,0,2411.0,2218.0,2111.0,2243.0,2329.8571428571427,2232.214285714286,2197.5333333333333,72.95758715727293,89.90751314289881,2238.0,2413.0,2109.0,2413.0,2.0,0.08295313148072303,-16,1.0,0.009531703273932863,2420,0.8660254037844386,0.5000000000000001,0.7818314824680298,0.6234898018587336
2025-02-24,20,22,14,2413,24,2025,2,1,9,24,0,Monday,February,0,0,2413.0,2238.0,2117.0,2237.0,2354.8571428571427,2253.3571428571427,2203.4,65.87470068605815,97.95375404258235,2272.0,2413.0,2109.0,2413.0,0.0,0.0,-10,0.6363636363636364,0.009946125155408206,2435,0.8660254037844386,0.5000000000000001,0.0,1.0
2025-02-23,7,16,8,2423,35,2025,2,1,8,23,6,Sunday,February,0,0,2413.0,2272.0,2116.0,2234.0,2376.4285714285716,2275.285714285714,2209.7,58.5344831213814,105.75676386618707,2287.0,2423.0,2109.0,2423.0,10.0,0.4144218814753353,-27,0.5,0.014444903012794058,2439,0.8660254037844386,0.5000000000000001,-0.7818314824680299,0.6234898018587334
2025-02-20,13,25,15,2520,32,2025,2,1,8,20,3,Thursday,February,0,0,2423.0,2287.0,2113.0,2223.0,2409.714285714286,2304.3571428571427,2219.6,65.08638947767567,119.98839024298785,2297.0,2520.0,2109.0,2520.0,97.0,4.0033016921172,-17,0.6,0.012698412698412698,2545,0.8660254037844386,0.5000000000000001,0.43388373911755823,-0.900968867902419
2025-02-19,12,17,17,2528,19,2025,2,1,8,19,2,Wednesday,February,0,0,2520.0,2297.0,2116.0,2208.0,2442.714285714286,2333.785714285714,2230.266666666667,56.39359977195745,132.49357390619662,2391.0,2528.0,2109.0,2528.0,8.0,0.31746031746031633,-2,1.0,0.007515822784810127,2545,0.8660254037844386,0.5000000000000001,0.9749279121818236,-0.22252093395631434
2025-02-18,18,19,11,2536,9,2025,2,1,8,18,1,Tuesday,February,0,0,2528.0,2391.0,2125.0,2191.0,2463.4285714285716,2363.1428571428573,2241.766666666667,60.69831722780586,143.4843938007466,2411.0,2536.0,2109.0,2536.0,8.0,0.31645569620253333,2,0.5789473684210527,0.003548895899053628,2555,0.8660254037844386,0.5000000000000001,0.7818314824680298,0.6234898018587336
2025-02-17,8,17,14,2532,15,2025,2,1,8,17,0,Monday,February,0,0,2536.0,2411.0,2137.0,2193.0,2480.714285714286,2391.3571428571427,2253.0666666666666,60.508165525321886,152.57240979248144,2413.0,2536.0,2109.0,2536.0,-4.0,-0.1577287066246047,-1,0.8235294117647058,0.005924170616113744,2549,0.8660254037844386,0.5000000000000001,0.0,1.0
2025-02-13,15,10,23,2703,72,2025,2,1,7,13,3,Thursday,February,0,0,2532.0,2413.0,2218.0,2188.0,2522.1428571428573,2426.0,2270.233333333333,95.55003675463036,172.65047077106664,2413.0,2703.0,2109.0,2703.0,171.0,6.753554502369674,-49,2.3,0.026637069922308545,2713,0.8660254037844386,0.5000000000000001,0.43388373911755823,-0.900968867902419
2025-02-12,16,20,20,2752,66,2025,2,1,7,12,2,Wednesday,February,0,0,2703.0,2413.0,2238.0,2159.0,2570.5714285714284,2462.714285714286,2290.0,114.95195683829874,192.3038185286219,2423.0,2752.0,2109.0,2752.0,49.0,1.8128005919348933,-46,1.0,0.023982558139534885,2772,0.8660254037844386,0.5000000000000001,0.9749279121818236,-0.22252093395631434
2025-02-11,11,22,12,2799,50,2025,2,1,7,11,1,Tuesday,February,0,0,2752.0,2423.0,2272.0,2159.0,2624.285714285714,2500.3571428571427,2311.3333333333335,122.1265931806275,211.7829619882228,2520.0,2799.0,2109.0,2799.0,47.0,1.7078488372092915,-38,0.5454545454545454,0.01786352268667381,2821,0.8660254037844386,0.5000000000000001,0.7818314824680298,0.6234898018587336
2025-02-10,16,18,15,2834,63,2025,2,1,7,10,0,Monday,February,0,0,2799.0,2520.0,2287.0,2145.0,2669.1428571428573,2539.4285714285716,2334.3,134.47977366061883,229.72234365079257,2528.0,2834.0,2109.0,2834.0,35.0,1.2504465880671667,-48,0.8333333333333334,0.022230063514467185,2852,0.8660254037844386,0.5000000000000001,0.0,1.0
2025-02-09,15,13,23,2878,99,2025,2,1,6,9,6,Sunday,February,0,0,2834.0,2528.0,2297.0,2139.0,2719.1428571428573,2580.9285714285716,2358.9333333333334,138.2683725844223,247.02798017330863,2532.0,2878.0,2109.0,2878.0,44.0,1.552575864502459,-76,1.7692307692307692,0.03439888811674774,2891,0.8660254037844386,0.5000000000000001,-0.7818314824680299,0.6234898018587334
2025-02-06,25,32,27,3181,145,2025,2,1,6,6,3,Thursday,February,0,0,2878.0,2536.0,2391.0,2136.0,2811.285714285714,2637.3571428571427,2393.766666666667,197.92567147435227,285.2316279959042,2532.0,3181.0,2109.0,3181.0,303.0,10.528144544822805,-118,0.84375,0.045583149952845015,3213,0.8660254037844386,0.5000000000000001,0.43388373911755823,-0.900968867902419
2025-02-05,26,36,36,3290,104,2025,2,1,6,5,2,Wednesday,February,0,0,3181.0,2532.0,2411.0,2124.0,2919.5714285714284,2700.1428571428573,2432.633333333333,225.14207154806545,324.01026839127593,2703.0,3290.0,2109.0,3290.0,109.0,3.4265954102483454,-68,1.0,0.031610942249240125,3326,0.8660254037844386,0.5000000000000001,0.9749279121818236,-0.22252093395631434
2025-02-04,34,54,29,3359,74,2025,2,1,6,4,1,Tuesday,February,0,0,3290.0,2703.0,2413.0,2119.0,3013.285714285714,2767.714285714286,2473.9666666666667,254.5752765461982,359.74286634352495,2752.0,3359.0,2109.0,3359.0,69.0,2.0972644376899607,-45,0.5370370370370371,0.022030366180410838,3413,0.8660254037844386,0.5000000000000001,0.7818314824680298,0.6234898018587336
2025-02-03,23,45,11,3403,102,2025,2,1,6,3,0,Monday,February,0,0,3359.0,2752.0,2413.0,2109.0,3106.285714285714,2838.4285714285716,2517.1,262.01635717751157,390.71643743609775,2799.0,3403.0,2111.0,3403.0,44.0,1.3099136647811926,-91,0.24444444444444444,0.02997355274757567,3448,0.8660254037844386,0.5000000000000001,0.0,1.0
2025-02-02,20,22,41,3483,168,2025,2,1,5,2,6,Sunday,February,0,0,3403.0,2799.0,2423.0,2111.0,3204.0,2914.1428571428573,2562.8333333333335,255.78897552475146,420.68991638393646,2834.0,3483.0,2113.0,3483.0,80.0,2.3508668821627943,-127,1.8636363636363635,0.04823428079242033,3505,0.8660254037844386,0.5000000000000001,-0.7818314824680299,0.6234898018587334
2025-01-30,47,42,47,3923,159,2025,1,1,5,30,3,Thursday,January,0,0,3483.0,2834.0,2520.0,2117.0,3359.5714285714284,3014.3571428571427,2623.0333333333333,317.0729974537215,479.76233220449404,2878.0,3923.0,2113.0,3923.0,440.0,12.632787826586277,-112,1.119047619047619,0.04053020647463676,3965,0.49999999999999994,0.8660254037844387,0.43388373911755823,-0.900968867902419
2025-01-29,32,50,39,4036,99,2025,1,1,5,29,2,Wednesday,January,0,0,3923.0,2878.0,2528.0,2116.0,3525.0,3122.0714285714284,2687.0333333333333,325.9064282888603,534.7089755238292,3181.0,4036.0,2113.0,4036.0,113.0,2.8804486362477677,-60,0.78,0.024529236868186324,4086,0.49999999999999994,0.8660254037844387,0.9749279121818236,-0.22252093395631434
2025-01-28,32,49,39,4096,101,2025,1,1,5,28,1,Tuesday,January,0,0,4036.0,3181.0,2536.0,2113.0,3655.714285714286,3233.5,2753.133333333333,347.7047187321069,581.7954809116264,3290.0,4096.0,2116.0,4096.0,60.0,1.4866204162537144,-62,0.7959183673469388,0.024658203125,4145,0.49999999999999994,0.8660254037844387,0.7818314824680298,0.6234898018587336
2025-01-27,33,53,34,4161,127,2025,1,1,5,27,0,Monday,January,0,0,4096.0,3290.0,2532.0,2116.0,3780.1428571428573,3349.8571428571427,2821.3,350.8515491255694,622.919773989862,3359.0,4161.0,2125.0,4161.0,65.0,1.5869140625,-93,0.6415094339622641,0.030521509252583512,4214,0.49999999999999994,0.8660254037844387,0.0,1.0
2025-01-26,29,51,11,4241,182,2025,1,1,4,26,6,Sunday,January,0,0,4161.0,3359.0,2703.0,2125.0,3906.1428571428573,3459.714285714286,2891.8333333333335,332.2842300257598,660.0498457317967,3403.0,4241.0,2137.0,4241.0,80.0,1.9226147560682527,-171,0.21568627450980393,0.042914406979485974,4292,0.49999999999999994,0.8660254037844387,-0.7818314824680299,0.6234898018587334
2025-01-23,91,75,97,4621,174,2025,1,1,4,23,3,Thursday,January,0,0,4241.0,3403.0,2752.0,2137.0,4080.1428571428573,3593.214285714286,2974.633333333333,343.6114222836784,715.5628834909467,3483.0,4621.0,2218.0,4621.0,380.0,8.960150907804753,-77,1.2933333333333332,0.03765418740532352,4696,0.49999999999999994,0.8660254037844387,0.43388373911755823,-0.900968867902419
2025-01-22,62,97,52,4717,83,2025,1,1,4,22,2,Wednesday,January,0,0,4621.0,3483.0,2799.0,2218.0,4256.428571428572,3730.214285714286,3057.9333333333334,299.96769667352874,767.9811839170065,3923.0,4717.0,2238.0,4717.0,96.0,2.0774724085695695,-31,0.5360824742268041,0.017595929616281536,4814,0.49999999999999994,0.8660254037844387,0.9749279121818236,-0.22252093395631434
2025-01-21,59,64,117,4728,54,2025,1,1,4,21,1,Tuesday,January,0,0,4717.0,3923.0,2834.0,2238.0,4371.428571428572,3865.5,3140.9333333333334,305.09935930385427,809.7300500926095,4036.0,4728.0,2272.0,4728.0,11.0,0.23319906720373762,63,1.828125,0.011421319796954314,4792,0.49999999999999994,0.8660254037844387,0.7818314824680298,0.6234898018587336
2025-01-20,84,118,136,4638,127,2025,1,1,4,20,0,Monday,January,0,0,4728.0,4036.0,2878.0,2272.0,4457.428571428572,3991.214285714286,3219.8,278.47492834057647,836.9440470730557,4096.0,4728.0,2287.0,4728.0,-90.0,-1.9035532994923887,9,1.152542372881356,0.02738249245364381,4756,0.49999999999999994,0.8660254037844387,0.0,1.0
2025-01-19,86,152,168,4628,176,2025,1,1,3,19,6,Sunday,January,0,0,4638.0,4096.0,3181.0,2287.0,4533.428571428572,4094.5714285714284,3297.8333333333335,232.1356335872543,855.8927617057058,4161.0,4728.0,2297.0,4728.0,-10.0,-0.21561017680034045,-8,1.105263157894737,0.03802938634399308,4780,0.49999999999999994,0.8660254037844387,-0.7818314824680299,0.6234898018587334
2025-01-16,106,196,131,4881,159,2025,1,1,3,16,3,Thursday,January,0,0,4628.0,4161.0,3290.0,2297.0,4636.285714285715,4208.214285714285,3383.9666666666667,196.3701558161063,881.3430379680217,4241.0,4881.0,2391.0,4881.0,253.0,5.46672428694901,-28,0.6683673469387755,0.032575291948371235,5077,0.49999999999999994,0.8660254037844387,0.43388373911755823,-0.900968867902419
2025-01-15,113,162,107,4903,164,2025,1,1,3,15,2,Wednesday,January,0,0,4881.0,4241.0,3359.0,2391.0,4730.857142857143,4318.5,3467.7,118.07261688108193,902.8182369477843,4621.0,4903.0,2411.0,4903.0,22.0,0.45072730997746113,-57,0.6604938271604939,0.033448908831327756,5065,0.49999999999999994,0.8660254037844387,0.9749279121818236,-0.22252093395631434
2025-01-14,92,124,93,4957,139,2025,1,1,3,14,1,Tuesday,January,0,0,4903.0,4621.0,3403.0,2411.0,4778.857142857143,4429.5,3552.5666666666666,133.28594395939436,919.5702025790374,4628.0,4957.0,2413.0,4957.0,54.0,1.1013665102998171,-46,0.75,0.0280411539237442,5081,0.49999999999999994,0.8660254037844387,0.7818314824680298,0.6234898018587336
2025-01-13,68,107,102,5019,181,2025,1,1,3,13,0,Monday,January,0,0,4957.0,4717.0,3483.0,2413.0,4822.0,4539.214285714285,3639.4333333333334,156.73969928941858,931.2229883454205,4628.0,5019.0,2413.0,5019.0,62.0,1.2507565059511894,-79,0.9532710280373832,0.03606296074915322,5126,0.49999999999999994,0.8660254037844387,0.0,1.0
2025-01-12,74,103,80,5092,235,2025,1,1,2,12,6,Sunday,January,0,0,5019.0,4728.0,3923.0,2413.0,4874.0,4622.714285714285,3728.733333333333,179.1368192192887,937.985513208222,4628.0,5092.0,2423.0,5092.0,73.0,1.454473002590162,-155,0.7766990291262136,0.04615082482325216,5195,0.49999999999999994,0.8660254037844387,-0.7818314824680299,0.6234898018587334
2025-01-09,56,82,68,5507,164,2025,1,1,2,9,3,Thursday,January,0,0,5092.0,4638.0,4036.0,2423.0,4998.142857142857,4727.785714285715,3831.5333333333333,267.598224067003,958.7158341107637,4628.0,5507.0,2520.0,5507.0,415.0,8.150039277297715,-96,0.8292682926829268,0.02978027964408934,5589,0.49999999999999994,0.8660254037844387,0.43388373911755823,-0.900968867902419
2025-01-08,38,80,82,5605,184,2025,1,1,2,8,2,Wednesday,January,0,0,5507.0,4628.0,4096.0,2520.0,5137.714285714285,4835.571428571428,3934.366666666667,295.6804098379018,978.4359258119684,4881.0,5605.0,2528.0,5605.0,98.0,1.7795532958053473,-102,1.025,0.03282783229259589,5685,0.49999999999999994,0.8660254037844387,0.9749279121818236,-0.22252093395631434
2025-01-07,65,83,65,5703,133,2025,1,1,2,7,1,Tuesday,January,0,0,5605.0,4881.0,4161.0,2528.0,5255.142857142857,4945.714285714285,4040.2,337.0659819538029,992.6791473860801,4903.0,5703.0,2532.0,5703.0,98.0,1.7484388938447726,-68,0.7831325301204819,0.02332105909170612,5786,0.49999999999999994,0.8660254037844387,0.7818314824680298,0.6234898018587336
2025-01-06,41,60,71,5769,190,2025,1,1,2,6,0,Monday,January,0,0,5703.0,4903.0,4241.0,2536.0,5378.857142857143,5054.857142857143,4147.966666666666,345.1059878604663,999.2180902856014,4957.0,5769.0,2532.0,5769.0,66.0,1.1572856391373065,-119,1.1833333333333333,0.03293465071936211,5829,0.49999999999999994,0.8660254037844387,0.0,1.0
2025-01-05,43,73,64,5882,185,2025,1,1,1,5,6,Sunday,January,0,0,5769.0,4957.0,4621.0,2532.0,5511.0,5144.928571428572,4259.633333333333,333.5530942244013,999.5879662635153,5019.0,5882.0,2703.0,5882.0,113.0,1.9587450164673337,-121,0.8767123287671232,0.031451887113226794,5955,0.49999999999999994,0.8660254037844387,-0.7818314824680299,0.6234898018587334
2025-01-02,35,70,53,6292,170,2025,1,1,1,2,3,Thursday,January,0,0,5882.0,5019.0,4717.0,2703.0,5692.857142857143,5257.428571428572,4379.266666666666,366.0461849600615,1021.3944131071089,5092.0,6292.0,2752.0,6292.0,410.0,6.9704182250935,-117,0.7571428571428571,0.0270184361093452,6362,0.49999999999999994,0.8660254037844387,0.43388373911755823,-0.900968867902419
2025-01-01,25,66,94,6405,144,2025,1,1,1,1,2,Wednesday,January,1,0,6292.0,5092.0,4728.0,2752.0,5880.428571428572,5377.214285714285,4501.033333333334,342.4849666495724,1038.3165248358055,5507.0,6405.0,2799.0,6405.0,113.0,1.7959313413858924,-50,1.4242424242424243,0.022482435597189696,6471,0.49999999999999994,0.8660254037844387,0.9749279121818236,-0.22252093395631434
2024-12-30,99,156,139,6454,177,2024,12,4,1,30,0,Monday,December,0,0,6405.0,5507.0,4638.0,2799.0,6015.714285714285,5506.928571428572,4622.866666666667,357.11702763740897,1046.1224868394906,5605.0,6454.0,2834.0,6454.0,49.0,0.7650273224043769,-38,0.8910256410256411,0.02742485280446235,6610,-2.4492935982947064e-16,1.0,0.0,1.0
2024-12-29,107,170,133,6465,216,2024,12,4,52,29,6,Sunday,December,0,0,6454.0,5605.0,4628.0,2834.0,6138.571428571428,5638.142857142857,4743.9,339.7817226509185,1042.0592130240248,5703.0,6465.0,2878.0,6465.0,11.0,0.17043693833280749,-83,0.7823529411764706,0.03341067285382831,6635,-2.4492935982947064e-16,1.0,-0.7818314824680299,0.6234898018587334
2024-12-26,80,122,152,6707,135,2024,12,4,52,26,3,Thursday,December,0,0,6465.0,5703.0,4881.0,2878.0,6282.0,5768.571428571428,4871.533333333334,337.16860272966323,1040.1293929232847,5769.0,6707.0,3181.0,6707.0,242.0,3.7432327919566966,17,1.2459016393442623,0.020128224243327865,6829,-2.4492935982947064e-16,1.0,0.43388373911755823,-0.900968867902419
2024-12-25,57,162,193,6689,107,2024,12,4,52,25,2,Wednesday,December,0,0,6707.0,5769.0,4903.0,3181.0,6413.428571428572,5896.142857142857,4988.466666666666,277.98732413719773,1040.710723109632,5882.0,6707.0,3290.0,6707.0,-18.0,-0.2683763232443681,86,1.191358024691358,0.015996412019733893,6851,-2.4492935982947064e-16,1.0,0.9749279121818236,-0.22252093395631434
2024-12-24,161,304,211,6622,155,2024,12,4,52,24,1,Tuesday,December,0,0,6689.0,5882.0,4957.0,3290.0,6519.142857142857,6015.071428571428,5099.533333333334,156.26838939407023,1030.9495701012358,6292.0,6707.0,3359.0,6707.0,-67.0,-1.0016444909553002,56,0.694078947368421,0.023406825732407127,6926,-2.4492935982947064e-16,1.0,0.7818314824680298,0.6234898018587336
2024-12-23,205,294,177,6548,231,2024,12,4,52,23,0,Monday,December,0,0,6622.0,6292.0,5019.0,3359.0,6555.714285714285,6124.285714285715,5205.833333333333,119.99682535486282,1009.4802719915816,6405.0,6707.0,3403.0,6707.0,-74.0,-1.1174871639987871,-54,0.6020408163265306,0.03527794746487477,6842,-2.4492935982947064e-16,1.0,0.0,1.0
2024-12-22,100,255,236,6595,268,2024,12,4,51,22,6,Sunday,December,0,0,6548.0,6405.0,5092.0,3403.0,6582.857142857143,6231.642857142857,5312.233333333334,100.05569877398429,980.7177063458149,6454.0,6707.0,3483.0,6707.0,47.0,0.7177764202809911,-32,0.9254901960784314,0.04063684609552692,6850,-2.4492935982947064e-16,1.0,-0.7818314824680299,0.6234898018587334
2024-12-19,269,412,204,6600,238,2024,12,4,51,19,3,Thursday,December,0,0,6595.0,6454.0,5507.0,3483.0,6603.714285714285,6309.714285714285,5416.133333333333,82.37255668756167,944.6911822839367,6465.0,6707.0,3923.0,6707.0,5.0,0.07581501137225999,-34,0.49514563106796117,0.036060606060606064,7012,-2.4492935982947064e-16,1.0,0.43388373911755823,-0.900968867902419
2024-12-18,168,285,210,6598,134,2024,12,4,51,18,2,Wednesday,December,0,0,6600.0,6465.0,5605.0,3923.0,6622.714285714285,6380.642857142857,5505.3,56.236744469954395,924.9350825309391,6548.0,6707.0,4036.0,6707.0,-2.0,-0.030303030303024947,76,0.7368421052631579,0.020309184601394362,6883,-2.4492935982947064e-16,1.0,0.9749279121818236,-0.22252093395631434
2024-12-17,187,310,247,6506,151,2024,12,4,51,17,1,Tuesday,December,0,0,6598.0,6707.0,5703.0,4036.0,6594.0,6438.0,5587.633333333333,57.33236433296151,899.2110903772449,6506.0,6689.0,4096.0,6707.0,-92.0,-1.3943619278569241,96,0.7967741935483871,0.02320934521979711,6816,-2.4492935982947064e-16,1.0,0.7818314824680298,0.6234898018587336
2024-12-16,133,287,189,6454,149,2024,12,4,51,16,0,Monday,December,0,0,6506.0,6689.0,5769.0,4096.0,6560.428571428572,6486.928571428572,5666.233333333334,61.111529580157224,866.8038669030741,6454.0,6622.0,4161.0,6707.0,-52.0,-0.7992622194897048,40,0.6585365853658537,0.0230864580105361,6741,-2.4492935982947064e-16,1.0,0.0,1.0
2024-12-15,180,337,219,6408,224,2024,12,4,50,15,6,Sunday,December,0,0,6454.0,6622.0,5882.0,4161.0,6529.857142857143,6524.5,5741.133333333333,76.7125121725059,828.4865609104082,6408.0,6600.0,4241.0,6707.0,-46.0,-0.712736287573601,-5,0.6498516320474778,0.03495630461922597,6745,-2.4492935982947064e-16,1.0,-0.7818314824680299,0.6234898018587334
2024-12-12,153,253,286,6481,194,2024,12,4,50,12,3,Thursday,December,0,0,6408.0,6548.0,6292.0,4241.0,6520.285714285715,6538.0,5815.8,78.23621132130619,788.605464925462,6408.0,6600.0,4621.0,6707.0,73.0,1.139200998751555,92,1.1304347826086956,0.02993365221416448,6734,-2.4492935982947064e-16,1.0,0.43388373911755823,-0.900968867902419
2024-12-11,209,353,232,6402,152,2024,12,4,50,11,2,Wednesday,December,0,0,6481.0,6595.0,6405.0,4621.0,6492.714285714285,6537.785714285715,5875.166666666667,81.45901686479323,762.1523552700187,6402.0,6600.0,4628.0,6707.0,-79.0,-1.2189476932572108,80,0.6572237960339944,0.023742580443611373,6755,-2.4492935982947064e-16,1.0,0.9749279121818236,-0.22252093395631434
2024-12-10,167,326,213,6310,149,2024,12,4,50,10,1,Tuesday,December,0,0,6402.0,6600.0,6454.0,4717.0,6451.285714285715,6527.5,5928.266666666666,90.98848697451719,733.6388256061285,6310.0,6598.0,4628.0,6707.0,-92.0,-1.437050921587002,64,0.6533742331288344,0.023613312202852614,6636,-2.4492935982947064e-16,1.0,0.7818314824680298,0.6234898018587336
2024-12-09,224,315,152,6268,174,2024,12,4,50,9,0,Monday,December,0,0,6310.0,6598.0,6465.0,4728.0,6404.142857142857,6513.428571428572,5979.6,87.73526195597289,699.8590301403011,6268.0,6506.0,4628.0,6707.0,-42.0,-0.6656101426307459,-22,0.48253968253968255,0.027760051052967454,6583,-2.4492935982947064e-16,1.0,0.0,1.0
2024-12-08,132,243,183,6286,172,2024,12,4,49,8,6,Sunday,December,0,0,6268.0,6506.0,6707.0,4638.0,6372.714285714285,6483.357142857143,6034.533333333334,84.51176305843462,654.1047439760016,6268.0,6481.0,4628.0,6707.0,18.0,0.2871729419272606,11,0.7530864197530864,0.02736239261851734,6529,-2.4492935982947064e-16,1.0,-0.7818314824680299,0.6234898018587334
2024-12-05,218,283,208,6310,150,2024,12,4,49,5,3,Thursday,December,0,0,6286.0,6454.0,6689.0,4628.0,6352.142857142857,6456.285714285715,6090.6,78.75791721354979,599.1654886244506,6268.0,6481.0,4881.0,6707.0,24.0,0.38180082723513475,58,0.734982332155477,0.02377179080824089,6593,-2.4492935982947064e-16,1.0,0.43388373911755823,-0.900968867902419
2024-12-04,118,245,160,6269,115,2024,12,4,49,4,2,Wednesday,December,0,0,6310.0,6408.0,6622.0,4881.0,6332.285714285715,6431.071428571428,6136.866666666667,79.84300070708481,554.4632529307331,6268.0,6481.0,4903.0,6707.0,-41.0,-0.6497622820919147,45,0.6530612244897959,0.01834423353006859,6514,-2.4492935982947064e-16,1.0,0.9749279121818236,-0.22252093395631434
2024-12-03,81,230,242,6192,107,2024,12,4,49,3,1,Tuesday,December,0,0,6269.0,6481.0,6548.0,4903.0,6291.0,6405.642857142857,6179.833333333333,63.08988297136052,503.1173225300834,6192.0,6402.0,4957.0,6707.0,-77.0,-1.2282660711437243,135,1.0521739130434782,0.01728036175710594,6422,-2.4492935982947064e-16,1.0,0.7818314824680298,0.6234898018587336
2024-12-02,236,330,222,6061,115,2024,12,4,49,2,0,Monday,December,0,0,6192.0,6402.0,6595.0,4957.0,6242.285714285715,6367.5,6216.633333333333,89.3023222649401,447.9399962381564,6061.0,6310.0,5019.0,6707.0,-131.0,-2.115633074935397,107,0.6727272727272727,0.018973766705164163,6391,-2.4492935982947064e-16,1.0,0.0,1.0
2024-12-01,196,306,187,5986,149,2024,12,4,48,1,6,Sunday,December,1,0,6061.0,6310.0,6600.0,5019.0,6196.0,6323.642857142857,6248.866666666667,125.13326229799817,389.8077982034019,5986.0,6310.0,5092.0,6707.0,-75.0,-1.237419567728093,38,0.6111111111111112,0.02489141329769462,6292,-2.4492935982947064e-16,1.0,-0.7818314824680299,0.6234898018587334
2024-11-28,113,280,237,5963,143,2024,11,4,48,28,3,Thursday,November,0,0,5986.0,6268.0,6598.0,5092.0,6152.428571428572,6278.285714285715,6277.9,147.06331645799762,328.24742034853995,5963.0,6310.0,5507.0,6707.0,-23.0,-0.3842298696959623,94,0.8464285714285714,0.02398121750796579,6243,-0.5000000000000004,0.8660254037844384,0.43388373911755823,-0.900968867902419
2024-11-27,239,367,224,5862,211,2024,11,4,48,27,2,Wednesday,November,0,0,5963.0,6286.0,6506.0,5507.0,6091.857142857143,6232.285714285715,6289.733333333334,168.61734644992885,305.07940552930575,5862.0,6310.0,5605.0,6707.0,-101.0,-1.6937782995136708,13,0.6103542234332425,0.03599454111224838,6229,-0.5000000000000004,0.8660254037844384,0.9749279121818236,-0.22252093395631434
2024-11-26,152,272,214,5826,112,2024,11,4,48,26,1,Tuesday,November,0,0,5862.0,6310.0,6454.0,5605.0,6022.714285714285,6187.428571428572,6297.1,163.41125449381852,290.28468191015133,5826.0,6269.0,5703.0,6707.0,-36.0,-0.61412487205732,102,0.7867647058823529,0.01922416752488843,6098,-0.5000000000000004,0.8660254037844384,0.7818314824680298,0.6234898018587336
2024-11-25,170,297,196,5715,129,2024,11,4,48,25,0,Monday,November,0,0,5826.0,6269.0,6408.0,5703.0,5943.571428571428,6137.928571428572,6297.5,158.32756881738595,289.4448610463839,5715.0,6192.0,5715.0,6707.0,-111.0,-1.905252317198769,67,0.6599326599326599,0.02257217847769029,6012,-0.5000000000000004,0.8660254037844384,0.0,1.0
2024-11-24,191,283,192,5664,207,2024,11,4,47,24,6,Sunday,November,0,0,5715.0,6192.0,6481.0,5769.0,5868.142857142857,6079.571428571428,6294.0,145.50077728479965,296.60225311294886,5664.0,6061.0,5664.0,6707.0,-51.0,-0.8923884514435709,-15,0.6784452296819788,0.036546610169491525,5947,-0.5000000000000004,0.8660254037844384,-0.7818314824680299,0.6234898018587334
2024-11-21,109,214,173,5850,210,2024,11,4,47,21,3,Thursday,November,0,0,5664.0,6061.0,6402.0,5882.0,5838.0,6040.142857142857,6292.933333333333,118.17924239619181,298.18831510359604,5664.0,5986.0,5664.0,6707.0,186.0,3.2838983050847537,-37,0.8084112149532711,0.035897435897435895,6064,-0.5000000000000004,0.8660254037844384,0.43388373911755823,-0.900968867902419
2024-11-20,155,212,181,5879,148,2024,11,4,47,20,2,Wednesday,November,0,0,5850.0,5986.0,6310.0,6292.0,5822.714285714285,6009.357142857143,6279.166666666667,101.60333702808447,307.6174385591639,5664.0,5963.0,5664.0,6707.0,29.0,0.4957264957264895,33,0.8537735849056604,0.025174349379146112,6091,-0.5000000000000004,0.8660254037844384,0.9749279121818236,-0.22252093395631434
2024-11-19,119,209,152,5844,146,2024,11,4,47,19,1,Tuesday,November,0,0,5879.0,5963.0,6268.0,6405.0,5805.714285714285,5979.071428571428,6260.466666666666,82.35029707642687,316.6239729234651,5664.0,5879.0,5664.0,6707.0,-35.0,-0.5953393434257492,6,0.7272727272727273,0.024982888432580425,6053,-0.5000000000000004,0.8660254037844384,0.7818314824680298,0.6234898018587336
2024-11-18,143,203,163,5819,138,2024,11,4,47,18,0,Monday,November,0,0,5844.0,5862.0,6286.0,6454.0,5799.571428571428,5945.714285714285,6239.3,78.98703932264254,324.37038748291496,5664.0,5879.0,5664.0,6707.0,-25.0,-0.42778918548939115,25,0.8029556650246306,0.023715415019762844,6022,-0.5000000000000004,0.8660254037844384,0.0,1.0
2024-11-17,105,210,149,5816,195,2024,11,4,46,17,6,Sunday,November,0,0,5819.0,5826.0,6310.0,6465.0,5798.142857142857,5910.428571428572,6217.666666666667,78.51842367971447,330.38486787305317,5664.0,5879.0,5664.0,6707.0,-3.0,-0.05155525004296724,-46,0.7095238095238096,0.03352819807427786,6026,-0.5000000000000004,0.8660254037844384,-0.7818314824680299,0.6234898018587334
2024-11-14,119,219,210,6025,172,2024,11,4,46,14,3,Thursday,November,0,0,5816.0,5715.0,6269.0,6707.0,5842.428571428572,5893.0,6194.933333333333,106.3122086793908,318.8146076059617,5664.0,6025.0,5664.0,6689.0,209.0,3.5935350756533646,38,0.958904109589041,0.028547717842323652,6244,-0.5000000000000004,0.8660254037844384,0.43388373911755823,-0.900968867902419
2024-11-13,148,245,175,5966,151,2024,11,4,46,13,2,Wednesday,November,0,0,6025.0,5664.0,6192.0,6689.0,5885.571428571428,5876.857142857143,6170.833333333333,79.80989316885491,307.29768599201503,5816.0,6025.0,5664.0,6622.0,-59.0,-0.979253112033196,24,0.7142857142857143,0.02531009051290647,6211,-0.5000000000000004,0.8660254037844384,0.9749279121818236,-0.22252093395631434
2024-11-12,142,235,139,5975,138,2024,11,4,46,12,1,Tuesday,November,0,0,5966.0,5850.0,6061.0,6622.0,5903.428571428572,5870.714285714285,6149.266666666666,84.37783504940258,297.07597232574824,5816.0,6025.0,5664.0,6600.0,9.0,0.15085484411665462,1,0.5914893617021276,0.02309623430962343,6210,-0.5000000000000004,0.8660254037844384,0.7818314824680298,0.6234898018587336
2024-11-11,118,139,168,5963,145,2024,11,4,46,11,0,Monday,November,0,0,5975.0,5879.0,5986.0,6548.0,5915.428571428572,5869.071428571428,6129.766666666666,86.27641072520508,289.0930745401593,5816.0,6025.0,5664.0,6600.0,-12.0,-0.20083682008368298,23,1.20863309352518,0.024316619151433842,6102,-0.5000000000000004,0.8660254037844384,0.0,1.0
2024-11-07,125,232,192,6084,177,2024,11,4,45,7,3,Thursday,November,0,0,5963.0,5844.0,5963.0,6595.0,5949.714285714285,5877.714285714285,6112.733333333334,99.78930184098024,275.4693716415666,5816.0,6084.0,5664.0,6600.0,121.0,2.029179942981729,15,0.8275862068965517,0.029092702169625246,6316,-0.5000000000000004,0.8660254037844384,0.43388373911755823,-0.900968867902419
2024-11-06,156,256,176,6086,137,2024,11,4,45,6,2,Wednesday,November,0,0,6084.0,5819.0,5862.0,6600.0,5987.857142857143,5893.714285714285,6095.6,92.24140171572618,259.64811731946423,5816.0,6086.0,5664.0,6598.0,2.0,0.032873109796183186,39,0.6875,0.022510680249753532,6342,-0.5000000000000004,0.8660254037844384,0.9749279121818236,-0.22252093395631434
2024-11-05,109,245,159,6045,126,2024,11,4,45,5,1,Tuesday,November,0,0,6086.0,5816.0,5826.0,6598.0,6020.571428571428,5909.357142857143,6077.166666666667,53.680713926186534,241.76493047824718,5963.0,6086.0,5664.0,6506.0,-41.0,-0.6736772921459133,33,0.6489795918367347,0.020843672456575684,6290,-0.5000000000000004,0.8660254037844384,0.7818314824680298,0.6234898018587336
2024-11-04,167,209,157,6007,132,2024,11,4,45,4,0,Monday,November,0,0,6045.0,6025.0,5715.0,6506.0,6018.0,5930.214285714285,6060.533333333334,53.86402633798691,228.0187126822925,5963.0,6086.0,5664.0,6481.0,-38.0,-0.6286186931348192,25,0.7511961722488039,0.021974363242883304,6216,-0.5000000000000004,0.8660254037844384,0.0,1.0
2024-11-03,84,171,157,5990,184,2024,11,4,44,3,6,Sunday,November,0,0,6007.0,5966.0,5664.0,6454.0,6021.428571428572,5953.5,6045.066666666667,50.671678950130364,215.81967781759397,5963.0,6086.0,5664.0,6481.0,-17.0,-0.28300316297652506,-27,0.9181286549707602,0.030717863105175294,6161,-0.5000000000000004,0.8660254037844384,-0.7818314824680299,0.6234898018587334
2024-10-31,87,246,173,6148,177,2024,10,4,44,31,3,Thursday,October,0,1,5990.0,5975.0,5850.0,6408.0,6046.142857142857,5974.785714285715,6036.4,64.54308269532628,205.72723823470966,5963.0,6148.0,5664.0,6481.0,158.0,2.6377295492487463,-4,0.7032520325203252,0.028789850357839947,6394,-0.8660254037844386,0.5000000000000001,0.43388373911755823,-0.900968867902419
2024-10-30,136,276,178,6149,160,2024,10,4,44,30,2,Wednesday,October,0,0,6148.0,5963.0,5879.0,6481.0,6072.714285714285,5994.071428571428,6025.333333333333,62.874781075121746,189.25650051837778,5990.0,6149.0,5664.0,6402.0,1.0,0.016265452179564655,18,0.644927536231884,0.026020491136770206,6425,-0.8660254037844386,0.5000000000000001,0.9749279121818236,-0.22252093395631434
2024-10-29,166,277,229,6106,126,2024,10,4,44,29,1,Tuesday,October,0,0,6149.0,6084.0,5844.0,6402.0,6075.857142857143,6012.785714285715,6015.466666666666,64.07138875620907,176.20828845289125,5990.0,6149.0,5664.0,6310.0,-43.0,-0.6993006993006978,103,0.8267148014440433,0.020635440550278415,6383,-0.8660254037844386,0.5000000000000001,0.7818314824680298,0.6234898018587336
2024-10-28,110,272,193,6008,156,2024,10,4,44,28,0,Monday,October,0,0,6106.0,6086.0,5819.0,6310.0,6064.714285714285,6026.285714285715,6005.4,68.6336027655386,167.19771488278838,5990.0,6149.0,5664.0,6310.0,-98.0,-1.6049787094660983,37,0.7095588235294118,0.02596537949400799,6280,-0.8660254037844386,0.5000000000000001,0.0,1.0
2024-10-27,202,313,158,5974,192,2024,10,4,43,27,6,Sunday,October,0,0,6008.0,6045.0,5816.0,6268.0,6054.571428571428,6037.571428571428,5995.6,76.79378695110655,159.72424513115087,5974.0,6149.0,5664.0,6310.0,-34.0,-0.565912117177092,-34,0.5047923322683706,0.03213927017073987,6287,-0.8660254037844386,0.5000000000000001,-0.7818314824680299,0.6234898018587334
2024-10-23,134,294,186,6077,138,2024,10,4,43,23,2,Wednesday,October,0,0,5974.0,6007.0,6025.0,6286.0,6064.571428571428,6041.285714285715,5988.633333333333,74.0762155775525,150.93741185937967,5974.0,6149.0,5664.0,6310.0,103.0,1.724137931034475,48,0.6326530612244898,0.022708573309198617,6371,-0.8660254037844386,0.5000000000000001,0.9749279121818236,-0.22252093395631434
2024-10-22,180,280,146,6043,109,2024,10,4,43,22,1,Tuesday,October,0,0,6077.0,5990.0,5966.0,6310.0,6072.142857142857,6046.785714285715,5979.733333333334,67.61022745967685,138.71129365867543,5974.0,6149.0,5664.0,6269.0,-34.0,-0.5594865887773581,37,0.5214285714285715,0.018037398643058082,6323,-0.8660254037844386,0.5000000000000001,0.7818314824680298,0.6234898018587336
2024-10-21,108,220,213,5966,154,2024,10,4,43,21,0,Monday,October,0,0,6043.0,6148.0,5975.0,6269.0,6046.142857142857,6046.142857142857,5969.633333333333,68.5648806397926,127.50077304234068,5966.0,6149.0,5664.0,6192.0,-77.0,-1.2742015555187836,59,0.9681818181818181,0.025812939993295342,6186,-0.8660254037844386,0.5000000000000001,0.0,1.0
2024-10-20,147,276,214,5918,195,2024,10,4,42,20,6,Sunday,October,0,0,5966.0,6149.0,5963.0,6192.0,6013.142857142857,6042.928571428572,5960.5,66.36371642056152,120.6524647130639,5918.0,6106.0,5664.0,6149.0,-48.0,-0.8045591686221876,19,0.7753623188405797,0.03295032105441027,6194,-0.8660254037844386,0.5000000000000001,-0.7818314824680299,0.6234898018587334
2024-10-17,104,230,206,6076,160,2024,10,4,42,17,3,Thursday,October,0,0,5918.0,6106.0,6084.0,6061.0,6008.857142857143,6042.357142857143,5961.0,60.03451388283794,121.11351187451591,5918.0,6077.0,5664.0,6149.0,158.0,2.6698208854342598,46,0.8956521739130435,0.026333113890717578,6306,-0.8660254037844386,0.5000000000000001,0.43388373911755823,-0.900968867902419
2024-10-16,174,285,150,6036,129,2024,10,4,42,16,2,Wednesday,October,0,0,6076.0,6008.0,6086.0,5986.0,6012.857142857143,6038.785714285715,5962.666666666667,60.894522390348804,121.81142388324479,5918.0,6077.0,5664.0,6149.0,-40.0,-0.6583278472679366,21,0.5263157894736842,0.021371769383697812,6321,-0.8660254037844386,0.5000000000000001,0.9749279121818236,-0.22252093395631434
2024-10-15,113,208,159,6013,107,2024,10,4,42,15,1,Tuesday,October,0,0,6036.0,5974.0,6045.0,5963.0,6018.428571428572,6036.5,5964.333333333333,58.48320882348705,122.15770850455655,5918.0,6077.0,5664.0,6149.0,-23.0,-0.3810470510271724,52,0.7644230769230769,0.017794777981041076,6221,-0.8660254037844386,0.5000000000000001,0.7818314824680298,0.6234898018587336
2024-10-14,88,214,160,5935,106,2024,10,4,42,14,0,Monday,October,0,0,6013.0,6077.0,6007.0,5862.0,5998.142857142857,6031.357142857143,5966.766666666666,59.40097802630775,120.76814016171095,5918.0,6076.0,5664.0,6149.0,-78.0,-1.2971894229170111,54,0.7476635514018691,0.017860151642796966,6149,-0.8660254037844386,0.5000000000000001,0.0,1.0
2024-10-13,130,227,192,5889,210,2024,10,4,41,13,6,Sunday,October,0,0,5935.0,6043.0,5990.0,5826.0,5976.142857142857,6024.142857142857,5968.866666666667,67.92502869940532,118.76715363082046,5889.0,6076.0,5664.0,6149.0,-46.0,-0.7750631844987366,-18,0.8458149779735683,0.03565970453387672,6116,-0.8660254037844386,0.5000000000000001,-0.7818314824680299,0.6234898018587334
2024-10-10,84,158,193,6075,159,2024,10,4,41,10,3,Thursday,October,0,0,5889.0,5966.0,6148.0,5715.0,5991.714285714285,6018.928571428572,5980.866666666667,77.08807578722593,110.10331616187875,5889.0,6076.0,5664.0,6149.0,186.0,3.1584309730005034,34,1.2215189873417722,0.02617283950617284,6233,-0.8660254037844386,0.5000000000000001,0.43388373911755823,-0.900968867902419
2024-10-09,115,216,169,6047,137,2024,10,4,41,9,2,Wednesday,October,0,0,6075.0,5918.0,6149.0,5664.0,6010.142857142857,6011.642857142857,5993.633333333333,71.76449579805245,92.96624650088425,5889.0,6076.0,5816.0,6149.0,-28.0,-0.46090534979423836,32,0.7824074074074074,0.022655862411112948,6263,-0.8660254037844386,0.5000000000000001,0.9749279121818236,-0.22252093395631434
2024-10-08,167,239,166,6013,123,2024,10,4,41,8,1,Tuesday,October,0,0,6047.0,6076.0,6106.0,5850.0,6001.142857142857,6005.0,5999.066666666667,65.83420734806951,88.95908913757633,5889.0,6075.0,5816.0,6149.0,-34.0,-0.5622622788159393,43,0.694560669456067,0.02045567936138367,6252,-0.8660254037844386,0.5000000000000001,0.7818314824680298,0.6234898018587336
2024-10-07,99,190,176,5968,153,2024,10,4,41,7,0,Monday,October,0,0,6013.0,6036.0,6008.0,5879.0,5991.428571428572,6002.142857142857,6002.033333333334,64.84303391748959,86.26002523753584,5889.0,6075.0,5816.0,6149.0,-45.0,-0.7483785132213483,23,0.9263157894736842,0.025636729222520107,6158,-0.8660254037844386,0.5000000000000001,0.0,1.0
2024-10-03,101,162,178,6118,193,2024,10,4,40,3,3,Thursday,October,0,0,5968.0,6013.0,5974.0,5844.0,6006.428571428572,6012.428571428572,6011.166666666667,80.8369905898584,83.40887380754089,5889.0,6118.0,5816.0,6149.0,150.0,2.5134048257372754,-15,1.0987654320987654,0.03154625694671461,6280,-0.8660254037844386,0.5000000000000001,0.43388373911755823,-0.900968867902419
2024-10-02,107,215,230,6091,173,2024,10,4,40,2,2,Wednesday,October,0,0,6118.0,5935.0,6077.0,5819.0,6028.714285714285,6013.428571428572,6020.233333333334,79.35303876922917,76.27838457898872,5889.0,6118.0,5816.0,6149.0,-27.0,-0.44132069303693955,57,1.069767441860465,0.028402561155803644,6306,-0.8660254037844386,0.5000000000000001,0.9749279121818236,-0.22252093395631434
2024-10-01,184,314,217,6040,137,2024,10,4,40,1,1,Tuesday,October,1,0,6091.0,5889.0,6043.0,5816.0,6050.285714285715,6013.214285714285,6027.7,50.21856989113675,65.84734173639914,5968.0,6118.0,5889.0,6149.0,-51.0,-0.8373009358069283,80,0.6910828025477707,0.022682119205298012,6354,-0.8660254037844386,0.5000000000000001,0.7818314824680298,0.6234898018587336
2024-09-30,209,285,184,5967,138,2024,9,3,40,30,0,Monday,September,0,1,6040.0,6075.0,5966.0,6025.0,6034.857142857143,6013.285714285715,6025.766666666666,57.43236187448902,66.77428956629556,5967.0,6118.0,5889.0,6149.0,-73.0,-1.2086092715231755,46,0.6456140350877193,0.023127199597787834,6252,-1.0,-1.8369701987210297e-16,0.0,1.0
2024-09-29,81,213,153,5925,177,2024,9,3,39,29,6,Sunday,September,0,0,5967.0,6047.0,5918.0,5966.0,6017.428571428572,6013.785714285715,6024.4,70.22074039027413,68.43854529952903,5925.0,6118.0,5889.0,6149.0,-42.0,-0.7038712921065837,-24,0.7183098591549296,0.029873417721518986,6138,-1.0,-1.8369701987210297e-16,-0.7818314824680299,0.6234898018587334
2024-09-26,91,199,172,6090,185,2024,9,3,39,26,3,Thursday,September,0,0,5925.0,6013.0,6076.0,5975.0,6028.428571428572,6014.785714285715,6028.233333333334,75.26144905787905,68.79589168402937,5925.0,6118.0,5889.0,6149.0,165.0,2.784810126582271,-13,0.864321608040201,0.030377668308702793,6289,-1.0,-1.8369701987210297e-16,0.43388373911755823,-0.900968867902419
2024-09-25,154,225,220,6050,169,2024,9,3,39,25,2,Wednesday,September,0,0,6090.0,5968.0,6036.0,5963.0,6040.142857142857,6015.785714285715,6031.133333333333,70.52051373287767,67.77739086598618,5925.0,6118.0,5889.0,6149.0,-40.0,-0.6568144499178974,51,0.9777777777777777,0.02793388429752066,6275,-1.0,-1.8369701987210297e-16,0.9749279121818236,-0.22252093395631434
2024-09-24,186,259,172,6023,143,2024,9,3,39,24,1,Tuesday,September,0,0,6050.0,6118.0,6013.0,6084.0,6026.571428571428,6016.5,6029.1,61.61941561681963,67.04776989753556,5925.0,6091.0,5889.0,6149.0,-27.0,-0.44628099173553704,29,0.6640926640926641,0.023742321102440643,6282,-1.0,-1.8369701987210297e-16,0.7818314824680298,0.6234898018587336
2024-09-23,92,203,173,6002,165,2024,9,3,39,23,0,Monday,September,0,0,6023.0,6091.0,5935.0,6086.0,6013.857142857143,6021.285714285715,6026.3,54.928524986100456,66.33985123608595,5925.0,6090.0,5889.0,6149.0,-21.0,-0.348663456749132,8,0.8522167487684729,0.02749083638787071,6205,-1.0,-1.8369701987210297e-16,0.0,1.0
2024-09-22,124,234,161,5989,197,2024,9,3,38,22,6,Sunday,September,0,0,6002.0,6040.0,5889.0,6045.0,6006.571428571428,6028.428571428572,6024.433333333333,54.261272693251605,66.58294455567582,5925.0,6090.0,5889.0,6149.0,-13.0,-0.21659446851050035,-36,0.688034188034188,0.032893638336951074,6223,-1.0,-1.8369701987210297e-16,-0.7818314824680299,0.6234898018587334
2024-09-19,93,196,169,6270,188,2024,9,3,38,19,3,Thursday,September,0,0,5989.0,5967.0,6075.0,6007.0,6049.857142857143,6042.357142857143,6033.2,109.8323397599689,80.14185698707173,5925.0,6270.0,5889.0,6270.0,281.0,4.691935214560017,-19,0.8622448979591837,0.029984051036682616,6466,-1.0,-1.8369701987210297e-16,0.43388373911755823,-0.900968867902419
2024-09-18,116,213,217,6245,149,2024,9,3,38,18,2,Wednesday,September,0,0,6270.0,5925.0,6047.0,5990.0,6095.571428571428,6056.5,6041.7,115.64436453033998,88.49007347383716,5989.0,6270.0,5889.0,6270.0,-25.0,-0.3987240829346095,68,1.0187793427230047,0.02385908726981585,6458,-1.0,-1.8369701987210297e-16,0.9749279121818236,-0.22252093395631434
2024-09-17,159,304,139,6227,160,2024,9,3,38,17,1,Tuesday,September,0,0,6245.0,6090.0,6013.0,6148.0,6115.142857142857,6071.785714285715,6044.333333333333,125.69994506953292,92.8314502788593,5989.0,6270.0,5889.0,6270.0,-18.0,-0.28823058446757477,-21,0.45723684210526316,0.025694555965954713,6531,-1.0,-1.8369701987210297e-16,0.7818314824680298,0.6234898018587336
2024-09-16,113,209,160,6229,164,2024,9,3,38,16,0,Monday,September,0,0,6227.0,6050.0,5968.0,6149.0,6140.714285714285,6090.428571428572,6047.0,128.41691774027493,96.99733377045698,5989.0,6270.0,5889.0,6270.0,2.0,0.03211819495745338,-4,0.7655502392344498,0.026328463637823086,6438,-1.0,-1.8369701987210297e-16,0.0,1.0
2024-09-15,98,220,167,6234,210,2024,9,3,37,15,6,Sunday,September,0,0,6229.0,6023.0,6118.0,6106.0,6170.857142857143,6098.714285714285,6051.266666666666,120.71375035105862,102.3496149387852,5989.0,6270.0,5889.0,6270.0,5.0,0.08026970621286544,-43,0.759090909090909,0.03368623676612127,6454,-1.0,-1.8369701987210297e-16,-0.7818314824680299,0.6234898018587334
2024-09-13,81,200,212,6326,279,2024,9,3,37,13,4,Friday,September,0,0,6234.0,6002.0,6091.0,6008.0,6217.142857142857,6115.5,6061.866666666667,106.45097239489351,113.56654841764262,5989.0,6326.0,5889.0,6326.0,92.0,1.4757779916586555,-67,1.06,0.0441036990199178,6526,-1.0,-1.8369701987210297e-16,-0.433883739117558,-0.9009688679024191
2024-09-12,184,280,210,6360,220,2024,9,3,37,12,3,Thursday,September,0,0,6326.0,5989.0,6040.0,5974.0,6270.142857142857,6138.357142857143,6074.733333333334,52.73654195292428,124.5986476189132,6227.0,6360.0,5889.0,6360.0,34.0,0.5374644325008004,-10,0.75,0.03459119496855346,6640,-1.0,-1.8369701987210297e-16,0.43388373911755823,-0.900968867902419
2024-09-11,93,248,175,6410,162,2024,9,3,37,11,2,Wednesday,September,0,0,6360.0,6270.0,5967.0,6077.0,6290.142857142857,6170.0,6085.833333333333,74.6624148449954,138.82787242076338,6227.0,6410.0,5889.0,6410.0,50.0,0.7861635220125729,13,0.7056451612903226,0.02527301092043682,6658,-1.0,-1.8369701987210297e-16,0.9749279121818236,-0.22252093395631434
2024-09-10,131,251,180,6396,148,2024,9,3,37,10,1,Tuesday,September,0,0,6410.0,6245.0,5925.0,6043.0,6311.714285714285,6203.642857142857,6097.6,80.99118117784037,149.61297196188042,6227.0,6410.0,5889.0,6410.0,-14.0,-0.21840873634945135,32,0.7171314741035857,0.023139462163852407,6647,-1.0,-1.8369701987210297e-16,0.7818314824680298,0.6234898018587336
2024-09-09,144,275,190,6353,141,2024,9,3,37,9,0,Monday,September,0,0,6396.0,6227.0,6090.0,5966.0,6329.714285714285,6222.428571428572,6110.5,72.59181378490308,154.4797163338171,6229.0,6410.0,5889.0,6410.0,-43.0,-0.6722951844903013,49,0.6909090909090909,0.022194238942232016,6628,-1.0,-1.8369701987210297e-16,0.0,1.0
2024-09-08,123,255,164,6312,221,2024,9,3,36,8,6,Sunday,September,0,0,6353.0,6229.0,6050.0,5918.0,6341.571428571428,6241.142857142857,6123.633333333333,58.883662541459806,154.29784974761426,6234.0,6410.0,5889.0,6410.0,-41.0,-0.6453643947741172,-57,0.6431372549019608,0.03501267427122941,6567,-1.0,-1.8369701987210297e-16,-0.7818314824680299,0.6234898018587334
2024-09-05,126,230,175,6448,121,2024,9,3,36,5,3,Thursday,September,0,0,6312.0,6234.0,6023.0,6076.0,6372.142857142857,6271.5,6136.033333333334,48.33366173955997,164.9199352941507,6312.0,6448.0,5889.0,6448.0,136.0,2.154626108998725,54,0.7608695652173914,0.018765508684863524,6678,-1.0,-1.8369701987210297e-16,0.43388373911755823,-0.900968867902419
2024-09-04,121,231,219,6375,114,2024,9,3,36,4,2,Wednesday,September,0,0,6448.0,6326.0,6002.0,6036.0,6379.142857142857,6298.142857142857,6147.333333333333,43.8802482956473,169.3829233205022,6312.0,6448.0,5889.0,6448.0,-73.0,-1.1321339950372211,105,0.948051948051948,0.01788235294117647,6606,-1.0,-1.8369701987210297e-16,0.9749279121818236,-0.22252093395631434
2024-09-03,131,263,177,6272,112,2024,9,3,36,3,1,Tuesday,September,0,0,6375.0,6360.0,5989.0,6013.0,6366.571428571428,6318.357142857143,6155.966666666666,59.94402150587635,168.89978324901583,6272.0,6448.0,5889.0,6448.0,-103.0,-1.6156862745098088,65,0.6730038022813688,0.017857142857142856,6535,-1.0,-1.8369701987210297e-16,0.7818314824680298,0.6234898018587336
2024-09-02,133,270,198,6192,129,2024,9,3,36,2,0,Monday,September,0,0,6272.0,6410.0,6270.0,5935.0,6335.428571428572,6312.785714285715,6164.533333333334,85.00952327609993,163.74469895766654,6192.0,6448.0,5889.0,6448.0,-80.0,-1.2755102040816313,69,0.7333333333333333,0.020833333333333332,6462,-1.0,-1.8369701987210297e-16,0.0,1.0
2024-08-29,145,295,188,6250,169,2024,8,3,35,29,3,Thursday,August,0,0,6192.0,6396.0,6245.0,5889.0,6314.571428571428,6313.142857142857,6176.566666666667,85.58009336850921,155.87344188479497,6192.0,6448.0,5925.0,6448.0,58.0,0.9366925064599574,19,0.6372881355932203,0.02704,6545,-0.8660254037844384,-0.5000000000000004,0.43388373911755823,-0.900968867902419
2024-08-28,170,285,178,6227,134,2024,8,3,35,28,2,Wednesday,August,0,0,6250.0,6353.0,6227.0,6075.0,6296.571428571428,6313.142857142857,6181.633333333333,89.31938412776053,154.9256736882919,6192.0,6448.0,5925.0,6448.0,-23.0,-0.36800000000000166,44,0.624561403508772,0.021519190621487074,6512,-0.8660254037844384,-0.5000000000000004,0.9749279121818236,-0.22252093395631434
2024-08-27,149,285,222,6152,97,2024,8,3,35,27,1,Tuesday,August,0,0,6227.0,6312.0,6229.0,6047.0,6273.714285714285,6307.642857142857,6185.133333333333,103.98191234656026,152.95271600494155,6152.0,6448.0,5925.0,6448.0,-75.0,-1.2044323109041244,125,0.7789473684210526,0.015767230169050715,6437,-0.8660254037844384,-0.5000000000000004,0.7818314824680298,0.6234898018587336
2024-08-22,182,307,205,6054,171,2024,8,3,34,22,3,Thursday,August,0,0,6152.0,6448.0,6234.0,6013.0,6217.428571428572,6294.785714285715,6186.5,100.49520244416834,151.538261925961,6054.0,6375.0,5925.0,6448.0,-98.0,-1.5929778933680083,34,0.6677524429967426,0.028245787908820614,6361,-0.8660254037844384,-0.5000000000000004,0.43388373911755823,-0.900968867902419
2024-08-21,134,245,167,6028,156,2024,8,3,34,21,2,Wednesday,August,0,0,6054.0,6375.0,6326.0,5968.0,6167.857142857143,6273.5,6188.5,95.26179467035769,148.92852949152035,6028.0,6272.0,5925.0,6448.0,-26.0,-0.4294681202510753,11,0.6816326530612244,0.025879230258792303,6273,-0.8660254037844384,-0.5000000000000004,0.9749279121818236,-0.22252093395631434
2024-08-20,136,274,245,5995,112,2024,8,3,34,20,1,Tuesday,August,0,0,6028.0,6272.0,6360.0,6118.0,6128.285714285715,6247.428571428572,6184.4,102.07956747187615,152.58453846725536,5995.0,6250.0,5925.0,6448.0,-33.0,-0.5474452554744547,133,0.8941605839416058,0.018682235195996665,6269,-0.8660254037844384,-0.5000000000000004,0.7818314824680298,0.6234898018587336
2024-08-19,176,254,162,5865,158,2024,8,3,34,19,0,Monday,August,0,0,5995.0,6192.0,6410.0,6091.0,6081.571428571428,6208.5,6176.866666666667,136.93411693569604,162.60481676978912,5865.0,6250.0,5865.0,6448.0,-130.0,-2.1684737281067568,4,0.6377952755905512,0.026939471440750214,6119,-0.8660254037844384,-0.5000000000000004,0.0,1.0
2024-08-18,86,244,235,5821,178,2024,8,3,33,18,6,Sunday,August,0,0,5865.0,6250.0,6396.0,6040.0,6020.285714285715,6167.428571428572,6169.566666666667,144.76614968715475,173.5113398525481,5821.0,6227.0,5821.0,6448.0,-44.0,-0.7502131287297487,57,0.9631147540983607,0.030578938326747983,6065,-0.8660254037844384,-0.5000000000000004,-0.7818314824680299,0.6234898018587334
2024-08-15,124,241,156,5895,220,2024,8,3,33,15,3,Thursday,August,0,0,5821.0,6227.0,6353.0,5967.0,5972.857142857143,6134.714285714285,6167.166666666667,117.5888721654724,176.87519140141885,5821.0,6152.0,5821.0,6448.0,74.0,1.2712592338086193,-64,0.6473029045643154,0.037319762510602206,6136,-0.8660254037844384,-0.5000000000000004,0.43388373911755823,-0.900968867902419
2024-08-14,109,226,191,5987,178,2024,8,3,33,14,2,Wednesday,August,0,0,5895.0,6152.0,6312.0,5925.0,5949.285714285715,6111.5,6169.233333333334,88.67678066199765,174.29140943332243,5821.0,6054.0,5821.0,6448.0,92.0,1.5606446140797203,13,0.8451327433628318,0.029731084015366626,6213,-0.8660254037844384,-0.5000000000000004,0.9749279121818236,-0.22252093395631434
2024-08-13,162,239,189,5981,123,2024,8,3,33,13,1,Tuesday,August,0,0,5987.0,6054.0,6448.0,6090.0,5938.857142857143,6078.142857142857,6165.6,77.95389357699841,177.1133671622259,5821.0,6028.0,5821.0,6448.0,-6.0,-0.10021713713045388,66,0.7907949790794979,0.02056512288914897,6220,-0.8660254037844384,-0.5000000000000004,0.7818314824680298,0.6234898018587336
2024-08-12,109,219,155,5903,148,2024,8,3,33,12,0,Monday,August,0,0,5981.0,6028.0,6375.0,6050.0,5921.0,6044.428571428572,6160.7,67.78397057321797,182.3770535323118,5821.0,5995.0,5821.0,6448.0,-78.0,-1.3041297441899302,7,0.7077625570776256,0.025071997289513807,6122,-0.8660254037844384,-0.5000000000000004,0.0,1.0
2024-08-11,95,211,140,5894,249,2024,8,3,32,11,6,Sunday,August,0,0,5903.0,5995.0,6272.0,6023.0,5906.571428571428,6017.428571428572,6156.4,59.670922966073185,187.19280121719845,5821.0,5987.0,5821.0,6448.0,-9.0,-0.15246484838218333,-109,0.6635071090047393,0.04224635222259925,6105,-0.8660254037844384,-0.5000000000000004,-0.7818314824680299,0.6234898018587334
2024-08-08,119,230,213,6084,174,2024,8,3,32,8,3,Thursday,August,0,0,5894.0,5865.0,6192.0,6002.0,5937.857142857143,6009.714285714285,6159.133333333333,85.89223591501525,185.45112439719856,5821.0,6084.0,5821.0,6448.0,190.0,3.223617237869014,39,0.9260869565217391,0.028599605522682446,6314,-0.8660254037844384,-0.5000000000000004,0.43388373911755823,-0.900968867902419
2024-08-07,135,273,207,6038,174,2024,8,3,32,7,2,Wednesday,August,0,0,6084.0,5821.0,6250.0,5989.0,5968.857142857143,5994.571428571428,6160.766666666666,75.17851770163068,184.11197554799415,5894.0,6084.0,5821.0,6448.0,-46.0,-0.756081525312291,33,0.7582417582417582,0.028817489234845974,6311,-0.8660254037844384,-0.5000000000000004,0.9749279121818236,-0.22252093395631434
2024-08-06,163,283,200,5998,143,2024,8,3,32,6,1,Tuesday,August,0,0,6038.0,5895.0,6227.0,6270.0,5983.571428571428,5978.214285714285,6151.7,68.05599935071211,185.24115689244655,5894.0,6084.0,5821.0,6448.0,-40.0,-0.662471016893007,57,0.7067137809187279,0.023841280426808935,6281,-0.8660254037844384,-0.5000000000000004,0.7818314824680298,0.6234898018587336
2024-08-05,172,259,138,5950,150,2024,8,3,32,5,0,Monday,August,0,0,5998.0,5987.0,6152.0,6245.0,5978.285714285715,5963.785714285715,6141.866666666667,69.17300602048299,187.9280370950337,5894.0,6084.0,5821.0,6448.0,-48.0,-0.8002667555851994,-12,0.5328185328185329,0.025210084033613446,6209,-0.8660254037844384,-0.5000000000000004,0.0,1.0
2024-08-04,63,167,143,5943,170,2024,8,3,31,4,6,Sunday,August,0,0,5950.0,5981.0,6054.0,6227.0,5972.857142857143,5955.857142857143,6132.4,70.40461294414219,190.6253954206156,5894.0,6084.0,5821.0,6448.0,-7.0,-0.11764705882353343,-27,0.8562874251497006,0.028605081608615177,6110,-0.8660254037844384,-0.5000000000000004,-0.7818314824680299,0.6234898018587334
2024-08-01,227,298,212,6016,169,2024,8,3,31,1,3,Thursday,August,1,0,5943.0,5903.0,6028.0,6229.0,5989.0,5955.0,6125.3,64.41790641329334,190.86990514382038,5894.0,6084.0,5821.0,6448.0,73.0,1.2283358573111247,43,0.7114093959731543,0.028091755319148936,6314,-0.8660254037844384,-0.5000000000000004,0.43388373911755823,-0.900968867902419
2024-07-31,140,261,163,5963,154,2024,7,3,31,31,2,Wednesday,July,0,1,6016.0,5894.0,5995.0,6234.0,5998.857142857143,5952.714285714285,6116.266666666666,51.4277116330758,191.9577779244776,5943.0,6084.0,5821.0,6448.0,-53.0,-0.8809840425531901,9,0.6245210727969349,0.02582592654704008,6224,-0.4999999999999998,-0.8660254037844388,0.9749279121818236,-0.22252093395631434
2024-07-30,125,203,208,5930,92,2024,7,3,31,30,1,Tuesday,July,0,0,5963.0,6084.0,5865.0,6326.0,5976.857142857143,5957.357142857143,6103.066666666667,40.769386273867596,190.6491511927887,5930.0,6038.0,5821.0,6448.0,-33.0,-0.5534127117222898,116,1.0246305418719213,0.01551433389544688,6133,-0.4999999999999998,-0.8660254037844388,0.7818314824680298,0.6234898018587336
2024-07-29,114,210,219,5819,163,2024,7,3,31,29,0,Monday,July,0,0,5930.0,6038.0,5821.0,6360.0,5945.571428571428,5957.214285714285,6085.033333333334,63.64185505066813,191.09385369366692,5819.0,6016.0,5819.0,6448.0,-111.0,-1.871838111298485,56,1.042857142857143,0.028011685856676405,6029,-0.4999999999999998,-0.8660254037844388,0.0,1.0
2024-07-28,152,290,199,5743,207,2024,7,3,30,28,6,Sunday,July,0,0,5819.0,5998.0,5895.0,6410.0,5909.142857142857,5946.357142857143,6062.8,94.25042629689752,190.7826710845709,5743.0,6016.0,5743.0,6448.0,-76.0,-1.3060663344217183,-8,0.6862068965517242,0.03604387950548494,6033,-0.4999999999999998,-0.8660254037844388,-0.7818314824680299,0.6234898018587334
2024-07-25,93,198,208,5954,194,2024,7,3,30,25,3,Thursday,July,0,0,5743.0,5950.0,5987.0,6396.0,5909.714285714285,5944.0,6048.066666666667,94.55106959685239,180.97874390956343,5743.0,6016.0,5743.0,6448.0,211.0,3.674037959254739,14,1.0505050505050506,0.03258313738663084,6152,-0.4999999999999998,-0.8660254037844388,0.43388373911755823,-0.900968867902419
2024-07-24,137,272,166,5927,177,2024,7,3,30,24,2,Wednesday,July,0,0,5954.0,5943.0,5981.0,6353.0,5907.428571428572,5940.142857142857,6033.866666666667,93.80273120200931,172.7535085391924,5743.0,6016.0,5743.0,6448.0,-27.0,-0.4534766543500157,-11,0.6102941176470589,0.02986333727011979,6199,-0.4999999999999998,-0.8660254037844388,0.9749279121818236,-0.22252093395631434
2024-07-23,120,257,126,5965,170,2024,7,3,30,23,1,Tuesday,July,0,0,5927.0,6016.0,5903.0,6312.0,5900.142857142857,5944.571428571428,6022.3,85.58510106212093,164.92843798184035,5743.0,5965.0,5743.0,6448.0,38.0,0.6411337944997486,-44,0.490272373540856,0.028499580888516344,6222,-0.4999999999999998,-0.8660254037844388,0.7818314824680298,0.6234898018587336
2024-07-22,102,189,155,6002,234,2024,7,3,30,22,0,Monday,July,0,0,5965.0,5963.0,5894.0,6448.0,5905.714285714285,5952.285714285715,6007.433333333333,91.42886904715662,144.00686845035253,5743.0,6002.0,5743.0,6375.0,37.0,0.6202849958088841,-79,0.8201058201058201,0.03898700433188937,6191,-0.4999999999999998,-0.8660254037844388,0.0,1.0
2024-07-21,90,196,205,6058,262,2024,7,3,29,21,6,Sunday,July,0,0,6002.0,5930.0,6084.0,6375.0,5924.0,5950.428571428572,5996.866666666667,108.33282051162657,126.695870801375,5743.0,6058.0,5743.0,6272.0,56.0,0.9330223258913639,-57,1.0459183673469388,0.04324859689666557,6254,-0.4999999999999998,-0.8660254037844388,-0.7818314824680299,0.6234898018587334
2024-07-17,128,228,177,6228,187,2024,7,3,29,17,2,Wednesday,July,0,0,6058.0,5819.0,6038.0,6272.0,5982.428571428572,5964.0,5995.4,146.0078275788352,123.61832248954939,5743.0,6228.0,5743.0,6250.0,170.0,2.806206668867617,-10,0.7763157894736842,0.030025690430314708,6456,-0.4999999999999998,-0.8660254037844388,0.9749279121818236,-0.22252093395631434
2024-07-16,136,246,123,6239,173,2024,7,3,29,16,1,Tuesday,July,0,0,6228.0,5743.0,5998.0,6192.0,6053.285714285715,5981.214285714285,5996.966666666666,129.91499052038216,126.46097485342003,5927.0,6239.0,5743.0,6250.0,11.0,0.17662170841361569,-50,0.5,0.02772880269273922,6485,-0.4999999999999998,-0.8660254037844388,0.7818314824680298,0.6234898018587336
2024-07-15,105,185,158,6283,171,2024,7,3,29,15,0,Monday,July,0,0,6239.0,5954.0,5950.0,6250.0,6100.285714285715,6005.0,5998.066666666667,146.46696360810662,128.85863233169346,5927.0,6283.0,5743.0,6283.0,44.0,0.7052412245552198,-13,0.8540540540540541,0.027216297946840683,6468,-0.4999999999999998,-0.8660254037844388,0.0,1.0
2024-07-14,116,188,164,6308,237,2024,7,3,28,14,6,Sunday,July,0,0,6283.0,5927.0,5943.0,6227.0,6154.714285714285,6031.071428571428,6000.766666666666,142.06537730418094,134.54410463454633,5965.0,6308.0,5743.0,6308.0,25.0,0.3978990927900661,-73,0.8723404255319149,0.037571337983512997,6496,-0.4999999999999998,-0.8660254037844388,-0.7818314824680299,0.6234898018587334
2024-07-11,80,176,125,6640,197,2024,7,3,28,11,3,Thursday,July,0,0,6308.0,5965.0,6016.0,6152.0,6251.142857142857,6075.642857142857,6017.033333333334,206.36410263694654,176.43705204205494,6002.0,6640.0,5743.0,6640.0,332.0,5.263157894736836,-72,0.7102272727272727,0.02966867469879518,6816,-0.4999999999999998,-0.8660254037844388,0.43388373911755823,-0.900968867902419
2024-07-10,150,157,201,6649,177,2024,7,3,28,10,2,Wednesday,July,0,0,6640.0,6002.0,5963.0,6054.0,6343.571428571428,6124.642857142857,6036.866666666667,220.58018734154214,210.82640895438323,6058.0,6649.0,5743.0,6649.0,9.0,0.13554216867470714,24,1.2802547770700636,0.02662054444277335,6806,-0.4999999999999998,-0.8660254037844388,0.9749279121818236,-0.22252093395631434
2024-07-09,116,181,182,6651,130,2024,7,3,28,9,1,Tuesday,July,0,0,6649.0,6058.0,5930.0,6028.0,6428.285714285715,6176.142857142857,6057.633333333333,206.01756744328918,238.75604102596776,6228.0,6651.0,5743.0,6651.0,2.0,0.03007971123476505,52,1.0055248618784531,0.019545932942414676,6832,-0.4999999999999998,-0.8660254037844388,0.7818314824680298,0.6234898018587336
2024-07-08,141,173,129,6617,123,2024,7,3,28,8,0,Monday,July,0,0,6651.0,6228.0,5819.0,5995.0,6483.857142857143,6233.142857142857,6078.366666666667,195.16696148978662,259.2562948835343,6239.0,6651.0,5743.0,6651.0,-34.0,-0.5112013231093115,6,0.7456647398843931,0.018588484207344717,6790,-0.4999999999999998,-0.8660254037844388,0.0,1.0
2024-07-07,96,160,233,6599,213,2024,7,3,27,7,6,Sunday,July,0,0,6617.0,6239.0,5743.0,5865.0,6535.285714285715,6294.285714285715,6102.833333333333,164.98961006252864,272.7115544929826,6283.0,6651.0,5743.0,6651.0,-18.0,-0.27202659815626085,20,1.45625,0.032277617820881954,6759,-0.4999999999999998,-0.8660254037844388,-0.7818314824680299,0.6234898018587334
2024-07-04,158,226,191,6790,225,2024,7,3,27,4,3,Thursday,July,0,0,6599.0,6283.0,5954.0,5821.0,6607.714285714285,6354.0,6135.133333333333,145.96770680046484,294.67957271359694,6308.0,6790.0,5743.0,6790.0,191.0,2.894377936050918,-34,0.8451327433628318,0.03313696612665685,7016,-0.4999999999999998,-0.8660254037844388,0.43388373911755823,-0.900968867902419
2024-07-02,141,232,188,6823,184,2024,7,3,27,2,1,Tuesday,July,0,0,6790.0,6308.0,5927.0,5895.0,6681.285714285715,6418.0,6166.066666666667,88.00514054259054,316.50221259047703,6599.0,6823.0,5743.0,6823.0,33.0,0.4860088365242987,4,0.8103448275862069,0.026967609555913822,7055,-0.4999999999999998,-0.8660254037844388,0.7818314824680298,0.6234898018587336
2024-07-01,123,233,159,6825,229,2024,7,3,27,1,0,Monday,July,1,0,6823.0,6640.0,5965.0,5987.0,6707.714285714285,6479.428571428572,6194.0,100.440221501423,336.50106317394557,6599.0,6825.0,5743.0,6825.0,2.0,0.02931261908252214,-70,0.6824034334763949,0.03355311355311355,7058,-0.4999999999999998,-0.8660254037844388,0.0,1.0
2024-06-30,123,230,167,6874,273,2024,6,2,26,30,6,Sunday,June,0,1,6825.0,6649.0,6002.0,5981.0,6739.857142857143,6541.714285714285,6223.766666666666,113.65214262752345,355.9448507586013,6599.0,6874.0,5743.0,6874.0,49.0,0.7179487179487243,-106,0.7260869565217392,0.03971486761710794,7104,1.2246467991473532e-16,-1.0,-0.7818314824680299,0.6234898018587334
2024-06-27,174,208,256,7248,268,2024,6,2,26,27,3,Thursday,June,0,0,6874.0,6651.0,6058.0,5903.0,6825.142857142857,6626.714285714285,6268.6,214.82506726131518,396.5396531895355,6599.0,7248.0,5743.0,7248.0,374.0,5.44079138783824,-12,1.2307692307692308,0.0369757174392936,7456,1.2246467991473532e-16,-1.0,0.43388373911755823,-0.900968867902419
2024-06-26,132,235,197,7268,187,2024,6,2,26,26,2,Wednesday,June,0,0,7248.0,6617.0,6228.0,5894.0,6918.142857142857,6701.0,6314.4,248.0439669168159,429.7398250585248,6599.0,7268.0,5743.0,7268.0,20.0,0.2759381898454816,10,0.8382978723404255,0.02572922399559714,7503,1.2246467991473532e-16,-1.0,0.9749279121818236,-0.22252093395631434
2024-06-25,172,263,191,7239,202,2024,6,2,26,25,1,Tuesday,June,0,0,7268.0,6599.0,6239.0,6084.0,7009.571428571428,6772.428571428572,6352.9,227.939214955015,459.1200992302482,6790.0,7268.0,5743.0,7268.0,-29.0,-0.39900935608144783,-11,0.7262357414448669,0.027904406686006356,7502,1.2246467991473532e-16,-1.0,0.7818314824680298,0.6234898018587336
2024-06-24,116,175,172,7239,202,2024,6,2,26,24,0,Monday,June,0,0,7239.0,6790.0,6283.0,6038.0,7073.714285714285,6840.714285714285,6392.933333333333,218.84676091258228,482.4820120522359,6823.0,7268.0,5743.0,7268.0,0.0,0.0,-30,0.9828571428571429,0.027904406686006356,7414,1.2246467991473532e-16,-1.0,0.0,1.0
2024-06-23,102,227,201,7247,294,2024,6,2,25,23,6,Sunday,June,0,0,7239.0,6823.0,6308.0,5998.0,7134.285714285715,6907.785714285715,6434.566666666667,195.29952575961443,500.76959278436783,6825.0,7268.0,5743.0,7268.0,8.0,0.11051250172675608,-93,0.8854625550660793,0.04056851110804471,7474,1.2246467991473532e-16,-1.0,-0.7818314824680299,0.6234898018587334
2024-06-20,145,247,243,7431,235,2024,6,2,25,20,3,Thursday,June,0,0,7247.0,6825.0,6640.0,5950.0,7220.857142857143,6964.285714285715,6483.933333333333,167.7154619899539,523.8220896536772,6874.0,7431.0,5743.0,7431.0,184.0,2.538981647578309,8,0.9838056680161943,0.03162427667877809,7678,1.2246467991473532e-16,-1.0,0.43388373911755823,-0.900968867902419
2024-06-19,204,321,246,7433,198,2024,6,2,25,19,2,Wednesday,June,0,0,7431.0,6874.0,6649.0,5943.0,7300.714285714285,7020.285714285715,6533.6,90.20848867263395,541.1167634846354,7239.0,7433.0,5743.0,7433.0,2.0,0.02691427802448132,48,0.7663551401869159,0.026637965828064037,7754,1.2246467991473532e-16,-1.0,0.9749279121818236,-0.22252093395631434
2024-06-18,160,297,253,7340,214,2024,6,2,25,18,1,Tuesday,June,0,0,7433.0,7248.0,6651.0,6016.0,7313.857142857143,7069.5,6577.733333333334,87.92123098076166,551.3416822394811,7239.0,7433.0,5743.0,7433.0,-93.0,-1.2511771828333074,39,0.8518518518518519,0.029155313351498638,7637,1.2246467991473532e-16,-1.0,0.7818314824680298,0.6234898018587336
2024-06-17,159,310,272,7318,224,2024,6,2,25,17,0,Monday,June,0,0,7340.0,7268.0,6617.0,5963.0,7321.0,7119.571428571428,6622.9,85.57452892087544,554.7366165966071,7239.0,7433.0,5743.0,7433.0,-22.0,-0.2997275204359662,48,0.8774193548387097,0.030609456135556164,7628,1.2246467991473532e-16,-1.0,0.0,1.0
2024-06-16,204,315,233,7307,294,2024,6,2,24,16,6,Sunday,June,0,0,7318.0,7239.0,6599.0,5930.0,7330.714285714285,7170.142857142857,6668.8,78.26177075644733,552.3906288999648,7239.0,7433.0,5743.0,7433.0,-11.0,-0.1503142935228241,-61,0.7396825396825397,0.04023539072122622,7622,1.2246467991473532e-16,-1.0,-0.7818314824680299,0.6234898018587334
2024-06-13,167,293,230,7544,259,2024,6,2,24,13,3,Thursday,June,0,0,7307.0,7239.0,6790.0,5819.0,7374.285714285715,7224.0,6726.3,100.448517967841,550.6596138675632,7247.0,7544.0,5743.0,7544.0,237.0,3.243465170384563,-29,0.7849829351535836,0.03433191940615058,7837,1.2246467991473532e-16,-1.0,0.43388373911755823,-0.900968867902419
2024-06-12,152,266,274,7548,212,2024,6,2,24,12,2,Wednesday,June,0,0,7544.0,7247.0,6823.0,5743.0,7417.285714285715,7275.785714285715,6786.466666666666,101.30106002375605,537.9804337765288,7307.0,7548.0,5927.0,7548.0,4.0,0.05302226935313126,62,1.0300751879699248,0.028086910439851617,7814,1.2246467991473532e-16,-1.0,0.9749279121818236,-0.22252093395631434
2024-06-11,186,352,224,7493,156,2024,6,2,24,11,1,Tuesday,June,0,0,7548.0,7431.0,6825.0,5954.0,7426.142857142857,7323.5,6837.766666666666,105.33031942659363,529.166663227389,7307.0,7548.0,5927.0,7548.0,-55.0,-0.7286698463169095,68,0.6363636363636364,0.020819431469371413,7845,1.2246467991473532e-16,-1.0,0.7818314824680298,0.6234898018587336
2024-06-10,184,334,229,7439,212,2024,6,2,24,10,0,Monday,June,0,0,7493.0,7433.0,6874.0,5927.0,7427.0,7363.857142857143,6888.166666666667,105.41979573763844,511.12736001985195,7307.0,7548.0,5965.0,7548.0,-54.0,-0.7206726277859343,17,0.6856287425149701,0.02849845409329211,7773,1.2246467991473532e-16,-1.0,0.0,1.0
2024-06-09,116,289,166,7451,312,2024,6,2,23,9,6,Sunday,June,0,0,7439.0,7340.0,7248.0,5965.0,7442.857142857143,7378.357142857143,6937.7,98.25719409034949,490.15206296365756,7307.0,7548.0,6002.0,7548.0,12.0,0.16131200430165027,-146,0.5743944636678201,0.041873574016910484,7740,1.2246467991473532e-16,-1.0,-0.7818314824680299,0.6234898018587334
2024-06-06,179,326,282,7741,238,2024,6,2,23,6,3,Thursday,June,0,0,7451.0,7318.0,7268.0,6002.0,7503.285714285715,7412.142857142857,6995.666666666667,132.70608411801834,478.36556021033175,7307.0,7741.0,6058.0,7741.0,290.0,3.892095020802566,44,0.8650306748466258,0.030745381733626148,8067,1.2246467991473532e-16,-1.0,0.43388373911755823,-0.900968867902419
2024-06-05,173,345,291,7691,198,2024,6,2,23,5,2,Wednesday,June,0,0,7741.0,7307.0,7239.0,6058.0,7558.142857142857,7444.428571428572,7050.1,116.41080787672249,460.5676669741487,7439.0,7741.0,6228.0,7741.0,-50.0,-0.6459113809585304,93,0.8434782608695652,0.025744376544012484,8036,1.2246467991473532e-16,-1.0,0.9749279121818236,-0.22252093395631434
2024-06-04,260,356,176,7565,203,2024,6,2,23,4,1,Tuesday,June,0,0,7691.0,7544.0,7239.0,6228.0,7561.142857142857,7467.714285714285,7094.666666666667,116.25608023028843,442.61147696390634,7439.0,7741.0,6239.0,7741.0,-126.0,-1.638278507346247,-27,0.4943820224719101,0.02683410442828817,7921,1.2246467991473532e-16,-1.0,0.7818314824680298,0.6234898018587336
2024-06-03,109,244,257,7596,224,2024,6,2,23,3,0,Monday,June,0,0,7565.0,7548.0,7247.0,6239.0,7568.0,7492.642857142857,7139.9,116.76614806256374,420.96075253205464,7439.0,7741.0,6283.0,7741.0,31.0,0.40978189028419987,33,1.0532786885245902,0.02948920484465508,7840,1.2246467991473532e-16,-1.0,0.0,1.0
2024-06-02,159,330,322,7546,306,2024,6,2,22,2,6,Sunday,June,0,0,7596.0,7493.0,7431.0,6283.0,7575.571428571428,7500.857142857143,7182.0,112.74138125663731,394.640735789866,7439.0,7741.0,6308.0,7741.0,-50.0,-0.6582411795681975,16,0.9757575757575757,0.040551285449244634,7876,1.2246467991473532e-16,-1.0,-0.7818314824680299,0.6234898018587334
2024-05-30,167,406,339,7563,190,2024,5,2,22,30,3,Thursday,May,0,0,7546.0,7439.0,7433.0,6308.0,7593.285714285715,7510.142857142857,7223.833333333333,96.24052210619973,364.1372499230857,7451.0,7741.0,6599.0,7741.0,17.0,0.22528491916247173,149,0.8349753694581281,0.025122305963242098,7969,0.49999999999999994,-0.8660254037844387,0.43388373911755823,-0.900968867902419
2024-05-29,182,462,158,7491,141,2024,5,2,22,29,2,Wednesday,May,0,0,7563.0,7451.0,7340.0,6640.0,7599.0,7520.928571428572,7252.2,87.1416471424693,349.95855912291444,7491.0,7741.0,6599.0,7741.0,-72.0,-0.9520031733439072,17,0.341991341991342,0.01882258710452543,7953,0.49999999999999994,-0.8660254037844387,0.9749279121818236,-0.22252093395631434
2024-05-28,153,348,239,7418,151,2024,5,2,22,28,1,Tuesday,May,0,0,7491.0,7741.0,7318.0,6649.0,7552.857142857143,7528.071428571428,7277.833333333333,84.90667145270513,331.9527472950319,7418.0,7691.0,6599.0,7741.0,-73.0,-0.9745027366172776,88,0.6867816091954023,0.020355891075761662,7766,0.49999999999999994,-0.8660254037844387,0.7818314824680298,0.6234898018587336
2024-05-27,156,344,252,7365,167,2024,5,2,22,27,0,Monday,May,0,0,7418.0,7691.0,7307.0,6651.0,7506.285714285715,7532.214285714285,7301.633333333333,85.90637206830596,310.3541340238348,7365.0,7596.0,6599.0,7741.0,-53.0,-0.7144782960366691,85,0.7325581395348837,0.02267481330617787,7709,0.49999999999999994,-0.8660254037844387,0.0,1.0
2024-05-23,193,272,314,7494,227,2024,5,2,21,23,3,Thursday,May,0,0,7365.0,7565.0,7544.0,6617.0,7496.142857142857,7528.642857142857,7330.866666666667,81.91749624170255,283.81122105254946,7365.0,7596.0,6599.0,7741.0,129.0,1.7515274949083448,87,1.1544117647058822,0.03029089938617561,7766,0.49999999999999994,-0.8660254037844387,0.43388373911755823,-0.900968867902419
2024-05-22,168,349,272,7474,208,2024,5,2,21,22,2,Wednesday,May,0,0,7494.0,7596.0,7548.0,6599.0,7478.714285714285,7523.357142857143,7360.033333333334,69.10792112296119,248.80770629660964,7365.0,7563.0,6790.0,7741.0,-20.0,-0.2668801708033075,64,0.7793696275071633,0.02782981000802783,7823,0.49999999999999994,-0.8660254037844387,0.9749279121818236,-0.22252093395631434
2024-05-21,196,348,176,7404,145,2024,5,2,21,21,1,Tuesday,May,0,0,7474.0,7546.0,7493.0,6790.0,7458.428571428572,7517.0,7380.5,66.87016560209135,224.3520555455691,7365.0,7563.0,6823.0,7741.0,-70.0,-0.9365801445009314,31,0.5057471264367817,0.01958400864397623,7752,0.49999999999999994,-0.8660254037844387,0.7818314824680298,0.6234898018587336
2024-05-20,111,268,217,7368,192,2024,5,2,21,20,0,Monday,May,0,0,7404.0,7563.0,7439.0,6823.0,7430.571428571428,7511.928571428572,7398.666666666667,55.73705273559325,198.19275419658393,7365.0,7494.0,6825.0,7741.0,-36.0,-0.4862236628849326,25,0.8097014925373134,0.026058631921824105,7636,0.49999999999999994,-0.8660254037844387,0.0,1.0
2024-05-19,143,295,278,7356,298,2024,5,2,20,19,6,Sunday,May,0,0,7368.0,7491.0,7451.0,6825.0,7411.285714285715,7505.142857142857,7416.366666666667,54.68916494092274,166.34602144478833,7356.0,7494.0,6874.0,7741.0,-12.0,-0.16286644951140072,-20,0.9423728813559322,0.04051114736269712,7651,0.49999999999999994,-0.8660254037844387,-0.7818314824680299,0.6234898018587334
2024-05-16,206,340,214,7565,234,2024,5,2,20,16,3,Thursday,May,0,0,7356.0,7418.0,7741.0,6874.0,7432.285714285715,7492.571428571428,7439.4,80.04314312879058,133.19330002799938,7356.0,7565.0,7239.0,7741.0,209.0,2.841218053289829,-20,0.6294117647058823,0.030931923331130203,7905,0.49999999999999994,-0.8660254037844387,0.43388373911755823,-0.900968867902419
2024-05-15,115,285,341,7589,265,2024,5,2,20,15,2,Wednesday,May,0,0,7565.0,7365.0,7691.0,7248.0,7464.285714285715,7485.285714285715,7450.766666666666,92.47110230735319,130.82541230847235,7356.0,7589.0,7239.0,7741.0,24.0,0.3172504957039024,76,1.1964912280701754,0.03491896165502701,7874,0.49999999999999994,-0.8660254037844387,0.9749279121818236,-0.22252093395631434
2024-05-14,246,419,218,7546,186,2024,5,2,20,14,1,Tuesday,May,0,0,7589.0,7494.0,7565.0,7268.0,7471.714285714285,7483.928571428572,7460.033333333334,97.22262131454039,127.22949217101909,7356.0,7589.0,7239.0,7741.0,-43.0,-0.5666095664777937,32,0.5202863961813843,0.024648820567187913,7965,0.49999999999999994,-0.8660254037844387,0.7818314824680298,0.6234898018587336
2024-05-13,112,331,167,7499,157,2024,5,2,20,13,0,Monday,May,0,0,7546.0,7474.0,7596.0,7239.0,7475.285714285715,7477.0,7468.7,97.7781746025357,120.32173822543245,7356.0,7589.0,7239.0,7741.0,-47.0,-0.6228465412138839,10,0.5045317220543807,0.02093612481664222,7830,0.49999999999999994,-0.8660254037844387,0.0,1.0
2024-05-12,138,301,263,7464,245,2024,5,2,19,12,6,Sunday,May,0,0,7499.0,7404.0,7546.0,7239.0,7483.857142857143,7471.142857142857,7476.2,93.00076804615988,112.25199483644722,7356.0,7589.0,7247.0,7741.0,-35.0,-0.46672889718628596,18,0.8737541528239202,0.03282422293676313,7765,0.49999999999999994,-0.8660254037844387,-0.7818314824680299,0.6234898018587334
2024-05-09,138,285,268,7570,244,2024,5,2,19,9,3,Thursday,May,0,0,7464.0,7368.0,7563.0,7247.0,7512.714285714285,7471.642857142857,7486.966666666666,81.71436896453217,104.74977848133146,7356.0,7589.0,7307.0,7741.0,106.0,1.4201500535905742,24,0.9403508771929825,0.03223249669749009,7855,0.49999999999999994,-0.8660254037844387,0.43388373911755823,-0.900968867902419
2024-05-08,167,374,205,7583,202,2024,5,2,19,8,2,Wednesday,May,0,0,7570.0,7356.0,7491.0,7431.0,7545.142857142857,7478.214285714285,7492.033333333334,46.69556928136444,105.62179873373672,7464.0,7589.0,7307.0,7741.0,13.0,0.17173051519154825,3,0.5481283422459893,0.02663853356191481,7957,0.49999999999999994,-0.8660254037844387,0.9749279121818236,-0.22252093395631434
2024-05-07,176,334,246,7566,163,2024,5,2,19,7,1,Tuesday,May,0,0,7583.0,7565.0,7418.0,7433.0,7545.285714285715,7488.785714285715,7496.466666666666,46.76791737155522,105.84951365104945,7464.0,7589.0,7307.0,7741.0,-17.0,-0.22418567849136206,83,0.7365269461077845,0.02154374834787206,7900,0.49999999999999994,-0.8660254037844387,0.7818314824680298,0.6234898018587336
2024-05-06,173,337,211,7449,205,2024,5,2,19,6,0,Monday,May,0,0,7566.0,7589.0,7365.0,7340.0,7525.285714285715,7494.785714285715,7500.1,54.28847110825684,102.09777261207782,7449.0,7583.0,7307.0,7741.0,-117.0,-1.546391752577314,6,0.6261127596439169,0.02752047254665056,7786,0.49999999999999994,-0.8660254037844387,0.0,1.0
2024-05-05,150,315,228,7447,332,2024,5,2,18,5,6,Sunday,May,0,0,7449.0,7546.0,7494.0,7318.0,7511.142857142857,7491.428571428572,7504.4,60.52941040389431,96.73982170431138,7447.0,7583.0,7307.0,7741.0,-2.0,-0.026849241508930533,-104,0.7238095238095238,0.044581710756009134,7762,0.49999999999999994,-0.8660254037844387,-0.7818314824680299,0.6234898018587334
2024-05-02,206,411,293,7577,194,2024,5,2,18,2,3,Thursday,May,0,0,7447.0,7499.0,7474.0,7307.0,7522.285714285715,7498.785714285715,7513.4,64.94026559286587,90.07146587821683,7447.0,7583.0,7356.0,7741.0,130.0,1.7456693970726578,99,0.7128953771289538,0.02560380097663983,7988,0.49999999999999994,-0.8660254037844387,0.43388373911755823,-0.900968867902419
2024-05-01,197,437,295,7508,190,2024,5,2,18,1,2,Wednesday,May,1,0,7577.0,7464.0,7404.0,7544.0,7528.571428571428,7506.214285714285,7512.2,60.32372983317945,89.88935727691957,7447.0,7583.0,7356.0,7741.0,-69.0,-0.9106506532928549,105,0.6750572082379863,0.02530633990410229,7945,0.49999999999999994,-0.8660254037844387,0.9749279121818236,-0.22252093395631434
2024-04-30,220,443,194,7431,135,2024,4,2,18,30,1,Tuesday,April,0,1,7508.0,7570.0,7368.0,7548.0,7508.714285714285,7510.714285714285,7508.3,66.92960054120202,90.81589941271582,7431.0,7583.0,7356.0,7741.0,-77.0,-1.025572722429413,59,0.43792325056433407,0.018167137666532097,7874,0.8660254037844387,-0.49999999999999983,0.7818314824680298,0.6234898018587336
2024-04-29,140,292,255,7373,187,2024,4,2,18,29,0,Monday,April,0,0,7431.0,7583.0,7356.0,7493.0,7478.714285714285,7511.928571428572,7504.3,74.6965288926061,94.09648386521017,7373.0,7577.0,7356.0,7741.0,-58.0,-0.7805140627102691,68,0.8732876712328768,0.025362810253628104,7665,0.8660254037844387,-0.49999999999999983,0.0,1.0
2024-04-28,158,349,365,7298,250,2024,4,2,17,28,6,Sunday,April,0,0,7373.0,7566.0,7565.0,7439.0,7440.428571428572,7492.857142857143,7499.6,89.68065035251699,100.75631237144592,7298.0,7577.0,7298.0,7741.0,-75.0,-1.0172250101722513,115,1.0458452722063036,0.034255960537133465,7647,0.8660254037844387,-0.49999999999999983,-0.7818314824680299,0.6234898018587334
2024-04-25,145,357,333,7209,217,2024,4,2,17,25,3,Thursday,April,0,0,7298.0,7449.0,7589.0,7451.0,7406.142857142857,7465.714285714285,7491.533333333334,124.84180465896256,113.64455577547548,7209.0,7577.0,7209.0,7741.0,-89.0,-1.2195121951219523,116,0.9327731092436975,0.03010126231100014,7566,0.8660254037844387,-0.49999999999999983,0.43388373911755823,-0.900968867902419
2024-04-24,253,411,307,7128,154,2024,4,2,17,24,2,Wednesday,April,0,0,7209.0,7447.0,7546.0,7741.0,7360.571428571428,7435.857142857143,7471.1,160.55617619485966,122.04220581394871,7128.0,7577.0,7128.0,7691.0,-81.0,-1.1235955056179803,153,0.7469586374695864,0.021604938271604937,7539,0.8660254037844387,-0.49999999999999983,0.9749279121818236,-0.22252093395631434
2024-04-23,252,427,307,6967,134,2024,4,2,17,23,1,Tuesday,April,0,0,7128.0,7577.0,7499.0,7691.0,7273.428571428572,7397.857142857143,7446.966666666666,186.89110656826995,146.24294461788338,6967.0,7508.0,6967.0,7596.0,-161.0,-2.2586980920314303,173,0.7189695550351288,0.019233529496196354,7394,0.8660254037844387,-0.49999999999999983,0.7818314824680298,0.6234898018587336
2024-04-22,176,424,251,6799,214,2024,4,2,17,22,0,Monday,April,0,0,6967.0,7508.0,7464.0,7565.0,7172.142857142857,7350.357142857143,7421.433333333333,226.5012351485824,186.3065111365918,6799.0,7431.0,6799.0,7596.0,-168.0,-2.411367877135062,37,0.5919811320754716,0.031475216943668186,7223,0.8660254037844387,-0.49999999999999983,0.0,1.0
2024-04-21,208,380,343,6745,240,2024,4,2,16,21,6,Sunday,April,0,0,6799.0,7431.0,7570.0,7596.0,7074.142857142857,7291.428571428572,7393.066666666667,243.5955860105651,220.46517174818885,6745.0,7373.0,6745.0,7589.0,-54.0,-0.7942344462420925,103,0.9026315789473685,0.03558191252779837,7125,0.8660254037844387,-0.49999999999999983,-0.7818314824680299,0.6234898018587334
2024-04-18,144,322,258,6728,260,2024,4,2,16,18,3,Thursday,April,0,0,6745.0,7373.0,7583.0,7546.0,6982.0,7230.357142857143,7365.8,233.48804394804714,249.56256903230658,6728.0,7298.0,6728.0,7589.0,-17.0,-0.25203854707190887,-2,0.8012422360248447,0.03864447086801427,7050,0.8660254037844387,-0.49999999999999983,0.43388373911755823,-0.900968867902419
2024-04-17,182,371,274,6725,227,2024,4,2,16,17,2,Wednesday,April,0,0,6728.0,7298.0,7566.0,7563.0,6900.142857142857,7170.285714285715,7337.866666666667,202.64453983225346,272.5670728377486,6725.0,7209.0,6725.0,7589.0,-3.0,-0.044589774078473976,47,0.738544474393531,0.0337546468401487,7096,0.8660254037844387,-0.49999999999999983,0.9749279121818236,-0.22252093395631434
2024-04-16,219,392,205,6685,163,2024,4,2,16,16,1,Tuesday,April,0,0,6725.0,7209.0,7449.0,7491.0,6825.285714285715,7115.714285714285,7311.0,162.30497454458649,295.69450684658824,6685.0,7128.0,6685.0,7589.0,-40.0,-0.5947955390334547,42,0.5229591836734694,0.0243829468960359,7077,0.8660254037844387,-0.49999999999999983,0.7818314824680298,0.6234898018587336
2024-04-15,144,303,176,6681,191,2024,4,2,16,15,0,Monday,April,0,0,6685.0,7128.0,7447.0,7418.0,6761.428571428572,7061.0,7286.433333333333,98.90712334120002,316.38951150195044,6681.0,6967.0,6681.0,7589.0,-4.0,-0.059835452505607734,-15,0.5808580858085809,0.028588534650501422,6984,0.8660254037844387,-0.49999999999999983,0.0,1.0
2024-04-14,128,245,243,6630,290,2024,4,2,15,14,6,Sunday,April,0,0,6681.0,6967.0,7577.0,7365.0,6713.285714285715,6993.357142857143,7261.933333333333,53.98368360207654,337.827331261199,6630.0,6799.0,6630.0,7589.0,-51.0,-0.7633587786259555,-47,0.9918367346938776,0.043740573152337855,6875,0.8660254037844387,-0.49999999999999983,-0.7818314824680299,0.6234898018587334
2024-04-11,183,221,220,6912,285,2024,4,2,15,11,3,Thursday,April,0,0,6630.0,6799.0,7508.0,7494.0,6729.428571428572,6950.785714285715,7242.533333333334,89.25778610834932,340.7395337864323,6630.0,6912.0,6630.0,7589.0,282.0,4.253393665158378,-65,0.995475113122172,0.04123263888888889,7133,0.8660254037844387,-0.49999999999999983,0.43388373911755823,-0.900968867902419
2024-04-10,117,244,142,6999,227,2024,4,2,15,10,2,Wednesday,April,0,0,6912.0,6745.0,7431.0,7474.0,6765.714285714285,6919.928571428572,7226.7,136.02170695119673,340.64899013896496,6630.0,6999.0,6630.0,7589.0,87.0,1.258680555555558,-85,0.5819672131147541,0.03243320474353479,7243,0.8660254037844387,-0.49999999999999983,0.9749279121818236,-0.22252093395631434
2024-04-09,118,231,217,7043,130,2024,4,2,15,9,1,Tuesday,April,0,0,6999.0,6728.0,7373.0,7404.0,6810.714285714285,6896.357142857143,7214.666666666667,169.46062894347625,340.5460456316304,6630.0,7043.0,6630.0,7589.0,44.0,0.6286612373196165,87,0.9393939393939394,0.018458043447394577,7274,0.8660254037844387,-0.49999999999999983,0.7818314824680298,0.6234898018587336
2024-04-08,102,230,167,6988,199,2024,4,2,15,8,0,Monday,April,0,0,7043.0,6725.0,7298.0,7368.0,6848.285714285715,6874.214285714285,7202.0,176.30628111873844,341.7112110014483,6630.0,7043.0,6630.0,7589.0,-55.0,-0.780917222774391,-32,0.7260869565217392,0.02847738981110475,7218,0.8660254037844387,-0.49999999999999983,0.0,1.0
2024-04-07,106,239,233,6982,279,2024,4,2,14,7,6,Sunday,April,0,0,6988.0,6685.0,7209.0,7356.0,6890.714285714285,6858.0,7189.533333333334,165.891243777123,342.71992519603435,6630.0,7043.0,6630.0,7589.0,-6.0,-0.08586147681740597,-46,0.9748953974895398,0.039959896877685475,7221,0.8660254037844387,-0.49999999999999983,-0.7818314824680299,0.6234898018587334
2024-04-04,95,226,152,7317,225,2024,4,2,14,4,3,Thursday,April,0,0,6982.0,6681.0,7128.0,7565.0,6981.571428571428,6871.5,7181.266666666666,202.10299118923925,336.28158698784733,6630.0,7317.0,6630.0,7589.0,335.0,4.7980521340590165,-73,0.672566371681416,0.03075030750307503,7543,0.8660254037844387,-0.49999999999999983,0.43388373911755823,-0.900968867902419
2024-04-03,124,230,190,7346,163,2024,4,2,14,3,2,Wednesday,April,0,0,7317.0,6630.0,6967.0,7589.0,7083.857142857143,6898.571428571428,7173.166666666667,173.70610099772287,328.9689308600482,6912.0,7346.0,6630.0,7583.0,29.0,0.39633729670629503,27,0.8260869565217391,0.02218894636536891,7576,0.8660254037844387,-0.49999999999999983,0.9749279121818236,-0.22252093395631434
2024-04-02,101,230,175,7340,132,2024,4,2,14,2,1,Tuesday,April,0,0,7346.0,6912.0,6799.0,7546.0,7145.0,6937.214285714285,7166.3,178.39469349364074,323.01437461332193,6982.0,7346.0,6630.0,7583.0,-6.0,-0.08167710318540689,43,0.7608695652173914,0.017983651226158037,7570,0.8660254037844387,-0.49999999999999983,0.7818314824680298,0.6234898018587336
2024-04-01,109,235,171,7271,172,2024,4,2,14,1,0,Monday,April,1,0,7340.0,6999.0,6745.0,7499.0,7183.857142857143,6974.785714285715,7158.7,170.75267550027058,317.5526185015334,6982.0,7346.0,6630.0,7583.0,-69.0,-0.940054495912801,-1,0.7276595744680852,0.023655618209324714,7506,0.8660254037844387,-0.49999999999999983,0.0,1.0
2024-03-31,105,254,151,7257,287,2024,3,1,13,31,6,Sunday,March,0,1,7271.0,7043.0,6728.0,7464.0,7214.428571428572,7012.571428571428,7151.8,160.15914704124083,312.90500927202385,6982.0,7346.0,6630.0,7583.0,-14.0,-0.19254572961078242,-136,0.594488188976378,0.03954802259887006,7511,1.0,6.123233995736766e-17,-0.7818314824680299,0.6234898018587334
2024-03-28,161,288,248,7762,360,2024,3,1,13,28,3,Thursday,March,0,0,7257.0,6988.0,6725.0,7570.0,7325.0,7086.642857142857,7158.2,229.81441788255015,323.53653527092035,6982.0,7762.0,6630.0,7762.0,505.0,6.958798401543342,-112,0.8611111111111112,0.04637979902087091,8050,1.0,6.123233995736766e-17,0.43388373911755823,-0.900968867902419
2024-03-27,129,287,185,7893,215,2024,3,1,13,27,2,Wednesday,March,0,0,7762.0,6982.0,6685.0,7583.0,7455.142857142857,7172.928571428572,7168.533333333334,259.2626908314721,341.99583918949577,7257.0,7893.0,6630.0,7893.0,131.0,1.687709353259459,-30,0.6445993031358885,0.027239325985050043,8180,1.0,6.123233995736766e-17,0.9749279121818236,-0.22252093395631434
2024-03-26,187,276,200,7919,208,2024,3,1,13,26,1,Tuesday,March,0,0,7893.0,7317.0,6681.0,7566.0,7541.142857142857,7261.357142857143,7180.3,302.10672980010133,361.6504456343515,7257.0,7919.0,6630.0,7919.0,26.0,0.3294058026099167,-8,0.7246376811594203,0.02626594266952898,8195,1.0,6.123233995736766e-17,0.7818314824680298,0.6234898018587336
2024-03-25,128,242,224,7899,229,2024,3,1,13,25,0,Monday,March,0,0,7919.0,7346.0,6630.0,7449.0,7620.142857142857,7352.0,7195.3,314.6174547878431,381.94241757726553,7257.0,7919.0,6630.0,7919.0,-20.0,-0.25255714105316684,-5,0.9256198347107438,0.028991011520445625,8141,1.0,6.123233995736766e-17,0.0,1.0
2024-03-24,124,264,221,7899,373,2024,3,1,12,24,6,Sunday,March,0,0,7899.0,7340.0,6912.0,7447.0,7700.0,7422.5,7210.366666666667,302.3645702349622,400.66973959836747,7257.0,7919.0,6630.0,7919.0,0.0,0.0,-152,0.8371212121212122,0.04722116723635903,8163,1.0,6.123233995736766e-17,-0.7818314824680299,0.6234898018587334
2024-03-21,132,261,141,8292,235,2024,3,1,12,21,3,Thursday,March,0,0,7899.0,7271.0,6999.0,7577.0,7845.857142857143,7514.857142857143,7234.2,307.1505757613365,442.3300686762214,7257.0,8292.0,6630.0,8292.0,393.0,4.9753133308013675,-94,0.5402298850574713,0.028340569223347805,8553,1.0,6.123233995736766e-17,0.43388373911755823,-0.900968867902419
2024-03-20,91,181,174,8365,227,2024,3,1,12,20,2,Wednesday,March,0,0,8292.0,7257.0,7043.0,7508.0,8004.142857142857,7609.285714285715,7262.766666666666,228.55519287586768,486.12760374861955,7762.0,8365.0,6630.0,8365.0,73.0,0.8803666184274084,-53,0.9613259668508287,0.02713687985654513,8546,1.0,6.123233995736766e-17,0.9749279121818236,-0.22252093395631434
2024-03-19,99,202,256,8390,197,2024,3,1,12,19,1,Tuesday,March,0,0,8365.0,7762.0,6988.0,7431.0,8093.857142857143,7709.428571428572,7294.733333333334,240.6023195867564,527.3544207242497,7893.0,8390.0,6630.0,8390.0,25.0,0.2988643156007109,59,1.2673267326732673,0.023480333730631704,8592,1.0,6.123233995736766e-17,0.7818314824680298,0.6234898018587336
2024-03-18,123,243,188,8333,283,2024,3,1,12,18,0,Monday,March,0,0,8390.0,7893.0,6982.0,7373.0,8156.714285714285,7805.928571428572,7326.733333333334,236.82814745849947,560.361024841001,7899.0,8390.0,6630.0,8390.0,-57.0,-0.6793802145411254,-95,0.7736625514403292,0.033961358454338175,8576,1.0,6.123233995736766e-17,0.0,1.0
2024-03-17,127,260,259,8373,342,2024,3,1,11,17,6,Sunday,March,0,0,8333.0,7919.0,7317.0,7298.0,8221.57142857143,7881.357142857143,7362.566666666667,222.61765214752046,591.9417890376827,7899.0,8390.0,6630.0,8390.0,40.0,0.4800192007680337,-83,0.9961538461538462,0.04084557506270154,8633,1.0,6.123233995736766e-17,-0.7818314824680299,0.6234898018587334
2024-03-14,166,301,252,8695,310,2024,3,1,11,14,3,Thursday,March,0,0,8373.0,7899.0,7346.0,7209.0,8335.285714285714,7977.714285714285,7412.1,233.42287397617451,638.9551465559076,7899.0,8695.0,6630.0,8695.0,322.0,3.8456944942075744,-58,0.8372093023255814,0.03565267395054629,8996,1.0,6.123233995736766e-17,0.43388373911755823,-0.900968867902419
2024-03-13,165,358,167,8819,239,2024,3,1,11,13,2,Wednesday,March,0,0,8695.0,7899.0,7340.0,7128.0,8466.714285714286,8083.357142857143,7468.466666666666,203.97607235972782,685.8919555677699,8292.0,8819.0,6630.0,8819.0,124.0,1.4261069580218555,-72,0.4664804469273743,0.027100578296859055,9177,1.0,6.123233995736766e-17,0.9749279121818236,-0.22252093395631434
2024-03-12,154,294,290,8843,213,2024,3,1,11,12,1,Tuesday,March,0,0,8819.0,8292.0,7271.0,6967.0,8545.42857142857,8195.642857142857,7531.0,229.97525746845912,723.1050383946024,8333.0,8843.0,6630.0,8843.0,24.0,0.27213969837849294,77,0.9863945578231292,0.02408684835463078,9137,1.0,6.123233995736766e-17,0.7818314824680298,0.6234898018587336
2024-03-11,178,336,290,8757,253,2024,3,1,11,11,0,Monday,March,0,0,8843.0,8365.0,7257.0,6799.0,8601.42857142857,8302.785714285714,7596.266666666666,226.41691422613647,742.851121359914,8333.0,8843.0,6630.0,8843.0,-86.0,-0.9725206377926066,37,0.8630952380952381,0.02889117277606486,9093,1.0,6.123233995736766e-17,0.0,1.0
2024-03-10,190,368,326,8714,373,2024,3,1,10,10,6,Sunday,March,0,0,8757.0,8390.0,7762.0,6745.0,8647.714285714286,8370.785714285714,7661.9,208.39123005052926,751.9731905528804,8333.0,8843.0,6630.0,8843.0,-43.0,-0.4910357428343004,-47,0.8858695652173914,0.04280468212072527,9082,1.0,6.123233995736766e-17,-0.7818314824680299,0.6234898018587334
2024-03-07,181,424,328,8902,305,2024,3,1,10,7,3,Thursday,March,0,0,8714.0,8333.0,7893.0,6728.0,8729.0,8442.857142857143,7734.366666666667,173.16947383051297,763.5349497830226,8373.0,8902.0,6630.0,8902.0,188.0,2.157447785173283,23,0.7735849056603774,0.03426196360368457,9326,1.0,6.123233995736766e-17,0.43388373911755823,-0.900968867902419
2024-03-06,230,457,277,8870,232,2024,3,1,10,6,2,Wednesday,March,0,0,8902.0,8373.0,7919.0,6725.0,8800.0,8510.785714285714,7805.866666666667,79.35573913338055,766.183048864792,8695.0,8902.0,6630.0,8902.0,-32.0,-0.3594697820714421,45,0.6061269146608315,0.026155580608793687,9327,1.0,6.123233995736766e-17,0.9749279121818236,-0.22252093395631434
2024-03-05,246,472,345,8800,214,2024,3,1,10,5,1,Tuesday,March,0,0,8870.0,8695.0,7899.0,6685.0,8815.0,8575.142857142857,7876.366666666667,64.78682993792434,756.7377573064956,8714.0,8902.0,6630.0,8902.0,-70.0,-0.7891770011273946,131,0.7309322033898306,0.02431818181818182,9272,1.0,6.123233995736766e-17,0.7818314824680298,0.6234898018587336
2024-03-04,225,509,340,8660,229,2024,3,1,10,4,0,Monday,March,0,0,8800.0,8819.0,7899.0,6681.0,8792.285714285714,8629.5,7942.333333333333,87.16022465538066,734.8830699075277,8660.0,8902.0,6630.0,8902.0,-140.0,-1.5909090909090873,111,0.6679764243614931,0.02644341801385681,9169,1.0,6.123233995736766e-17,0.0,1.0
2024-03-03,236,468,347,8594,354,2024,3,1,9,3,6,Sunday,March,0,0,8660.0,8843.0,8292.0,6630.0,8756.714285714286,8651.07142857143,8007.8,110.65669777277637,700.6257006517267,8594.0,8902.0,6912.0,8902.0,-66.0,-0.762124711316392,-7,0.7414529914529915,0.04119152897370258,9062,1.0,6.123233995736766e-17,-0.7818314824680299,0.6234898018587334
2024-02-29,262,444,354,8724,299,2024,2,1,9,29,3,Thursday,February,0,1,8594.0,8757.0,8365.0,6912.0,8752.0,8676.714285714286,8068.2,111.34331292630033,680.7231145044357,8594.0,8902.0,6982.0,8902.0,130.0,1.5126832673958646,55,0.7972972972972973,0.03427326914259514,9168,0.8660254037844386,0.5000000000000001,0.43388373911755823,-0.900968867902419
2024-02-28,209,447,274,8699,257,2024,2,1,9,28,2,Wednesday,February,0,0,8724.0,8714.0,8390.0,6999.0,8749.857142857143,8698.785714285714,8124.866666666667,112.33644195249754,659.0620677867382,8594.0,8902.0,6982.0,8902.0,-25.0,-0.28656579550664363,17,0.6129753914988815,0.02954362570410392,9146,0.8660254037844386,0.5000000000000001,0.9749279121818236,-0.22252093395631434
2024-02-27,197,369,306,8650,206,2024,2,1,9,27,1,Tuesday,February,0,0,8699.0,8902.0,8333.0,7043.0,8713.857142857143,8721.42857142857,8178.433333333333,94.40061541402198,632.8852749624502,8594.0,8870.0,6982.0,8902.0,-49.0,-0.5632831359926427,100,0.8292682926829268,0.023815028901734103,9019,0.8660254037844386,0.5000000000000001,0.7818314824680298,0.6234898018587336
2024-02-26,199,438,326,8404,329,2024,2,1,9,26,0,Monday,February,0,0,8650.0,8870.0,8373.0,6988.0,8647.285714285714,8723.642857142857,8225.633333333333,125.21809545205483,592.5597006635727,8404.0,8800.0,6982.0,8902.0,-246.0,-2.8439306358381544,-3,0.7442922374429224,0.03914802475011899,8842,0.8660254037844386,0.5000000000000001,0.0,1.0
2024-02-25,244,482,366,8404,329,2024,2,1,8,25,6,Sunday,February,0,0,8404.0,8800.0,8695.0,6982.0,8590.714285714286,8702.857142857143,8273.033333333333,133.87894318614323,544.5805398357014,8404.0,8724.0,7257.0,8902.0,0.0,0.0,37,0.7593360995850622,0.03914802475011899,8886,0.8660254037844386,0.5000000000000001,-0.7818314824680299,0.6234898018587334
2024-02-22,165,400,292,8607,293,2024,2,1,8,22,3,Thursday,February,0,0,8404.0,8660.0,8819.0,7317.0,8583.142857142857,8687.714285714286,8316.033333333333,130.7700635614913,516.704910338332,8404.0,8724.0,7257.0,8902.0,203.0,2.4155164207520174,-1,0.73,0.0340420587893575,9007,0.8660254037844386,0.5000000000000001,0.43388373911755823,-0.900968867902419
2024-02-21,232,430,318,8573,231,2024,2,1,8,21,2,Wednesday,February,0,0,8607.0,8594.0,8843.0,7346.0,8580.142857142857,8668.42857142857,8356.933333333332,130.72034854557424,484.85397256552505,8404.0,8724.0,7257.0,8902.0,-34.0,-0.3950273033577312,87,0.7395348837209302,0.026945060072320073,9003,0.8660254037844386,0.5000000000000001,0.9749279121818236,-0.22252093395631434
2024-02-20,149,395,273,8488,192,2024,2,1,8,20,1,Tuesday,February,0,0,8573.0,8724.0,8757.0,7340.0,8546.42857142857,8649.214285714286,8395.2,117.16492242853735,445.53388353663667,8404.0,8699.0,7257.0,8902.0,-85.0,-0.9914848944360233,81,0.6911392405063291,0.022620169651272386,8883,0.8660254037844386,0.5000000000000001,0.7818314824680298,0.6234898018587336
2024-02-19,249,420,371,8380,218,2024,2,1,8,19,0,Monday,February,0,0,8488.0,8699.0,8714.0,7271.0,8500.857142857143,8625.357142857143,8432.166666666666,109.73366024398038,391.8093381623146,8380.0,8650.0,7257.0,8902.0,-108.0,-1.2723845428840752,153,0.8833333333333333,0.026014319809069212,8800,0.8660254037844386,0.5000000000000001,0.0,1.0
2024-02-15,333,508,272,8463,312,2024,2,1,7,15,3,Thursday,February,0,0,8380.0,8650.0,8902.0,7257.0,8474.142857142857,8594.0,8472.366666666667,87.97997607717765,322.88435885828926,8380.0,8607.0,7762.0,8902.0,83.0,0.9904534606205218,-40,0.5354330708661418,0.03686635944700461,8971,0.8660254037844386,0.5000000000000001,0.43388373911755823,-0.900968867902419
2024-02-14,185,322,272,8512,230,2024,2,1,7,14,2,Wednesday,February,0,0,8463.0,8404.0,8870.0,7762.0,8489.57142857143,8568.42857142857,8497.366666666667,82.95552451575442,293.7025804228701,8380.0,8607.0,7893.0,8902.0,49.0,0.5789909015715411,42,0.84472049689441,0.027020676691729324,8834,0.8660254037844386,0.5000000000000001,0.9749279121818236,-0.22252093395631434
2024-02-13,227,369,349,8348,160,2024,2,1,7,13,1,Tuesday,February,0,0,8512.0,8404.0,8800.0,7893.0,8481.57142857143,8536.142857142857,8512.533333333333,94.48255066951307,272.3920518021467,8348.0,8607.0,7899.0,8902.0,-164.0,-1.9266917293233043,189,0.94579945799458,0.019166267369429803,8717,0.8660254037844386,0.5000000000000001,0.7818314824680298,0.6234898018587336
2024-02-12,213,430,440,8092,234,2024,2,1,7,12,0,Monday,February,0,0,8348.0,8607.0,8660.0,7919.0,8408.0,8495.57142857143,8518.3,159.01048183499282,260.98581676338273,8092.0,8573.0,7899.0,8902.0,-256.0,-3.0666027791087735,206,1.0232558139534884,0.028917449332674247,8522,0.8660254037844386,0.5000000000000001,0.0,1.0
2024-02-11,205,515,226,8056,347,2024,2,1,6,11,6,Sunday,February,0,0,8092.0,8573.0,8594.0,7899.0,8334.142857142857,8457.142857142857,8523.533333333333,187.17231683808862,249.45882575497754,8056.0,8512.0,7899.0,8902.0,-36.0,-0.44488383588729974,-121,0.4388349514563107,0.04307348560079444,8571,0.8660254037844386,0.5000000000000001,-0.7818314824680299,0.6234898018587334
2024-02-08,298,499,358,8188,315,2024,2,1,6,8,3,Thursday,February,0,0,8056.0,8488.0,8724.0,7899.0,8291.285714285714,8418.857142857143,8533.166666666666,180.29116662212118,229.27307665333646,8056.0,8512.0,8056.0,8902.0,132.0,1.638530287984108,43,0.717434869739479,0.03847093307278945,8687,0.8660254037844386,0.5000000000000001,0.43388373911755823,-0.900968867902419
2024-02-07,227,453,330,8160,222,2024,2,1,6,7,2,Wednesday,February,0,0,8188.0,8380.0,8699.0,8292.0,8259.857142857143,8380.357142857143,8528.766666666666,181.4207159905842,235.24963752139715,8056.0,8512.0,8056.0,8902.0,-28.0,-0.34196384953590897,108,0.7284768211920529,0.027205882352941177,8613,0.8660254037844386,0.5000000000000001,0.9749279121818236,-0.22252093395631434
2024-02-06,291,455,323,8045,178,2024,2,1,6,6,1,Tuesday,February,0,0,8160.0,8463.0,8650.0,8365.0,8200.142857142857,8337.142857142857,8518.1,171.9577744405147,249.7396368356899,8045.0,8512.0,8045.0,8902.0,-115.0,-1.409313725490191,145,0.7098901098901099,0.022125543816034803,8500,0.8660254037844386,0.5000000000000001,0.7818314824680298,0.6234898018587336
2024-02-05,157,466,345,7872,242,2024,2,1,6,5,0,Monday,February,0,0,8045.0,8512.0,8404.0,8390.0,8108.714285714285,8299.142857142857,8500.833333333334,146.8136168592507,275.481907952448,7872.0,8348.0,7872.0,8902.0,-173.0,-2.1504039776258588,103,0.740343347639485,0.030741869918699188,8338,0.8660254037844386,0.5000000000000001,0.0,1.0
2024-02-04,253,531,248,7813,342,2024,2,1,5,4,6,Sunday,February,0,0,7872.0,8348.0,8404.0,8333.0,8032.285714285715,8256.92857142857,8483.5,140.60904936013122,301.53352304041897,7813.0,8188.0,7813.0,8902.0,-59.0,-0.7494918699186948,-94,0.4670433145009416,0.04377319851529502,8344,0.8660254037844386,0.5000000000000001,-0.7818314824680299,0.6234898018587334
2024-02-01,222,459,289,8026,337,2024,2,1,5,1,3,Thursday,February,1,0,7813.0,8092.0,8607.0,8373.0,8022.857142857143,8215.42857142857,8471.933333333332,138.1284771165274,312.3787415315661,7813.0,8188.0,7813.0,8902.0,213.0,2.7262255215666276,-48,0.6296296296296297,0.04198853725392474,8485,0.8660254037844386,0.5000000000000001,0.43388373911755823,-0.900968867902419
2024-01-31,203,477,258,8153,266,2024,1,1,5,31,2,Wednesday,January,0,1,8026.0,8056.0,8573.0,8695.0,8036.714285714285,8185.428571428572,8453.866666666667,146.61254412666486,314.6975267352108,7813.0,8188.0,7813.0,8902.0,127.0,1.5823573386493983,-8,0.5408805031446541,0.03262602722924077,8630,0.49999999999999994,0.8660254037844387,0.9749279121818236,-0.22252093395631434
2024-01-30,93,198,208,8182,187,2024,1,1,5,30,1,Tuesday,January,0,0,8153.0,8188.0,8488.0,8819.0,8035.857142857143,8163.571428571428,8432.633333333333,145.594675465364,310.67584651710644,7813.0,8182.0,7813.0,8902.0,29.0,0.35569728934135014,21,1.0505050505050506,0.02285504766560743,8380,0.49999999999999994,0.8660254037844387,0.7818314824680298,0.6234898018587336
2024-01-29,137,272,166,8057,195,2024,1,1,5,29,0,Monday,January,0,0,8182.0,8160.0,8380.0,8843.0,8021.142857142857,8140.5,8406.433333333332,135.8349839223963,308.0064579856155,7813.0,8182.0,7813.0,8902.0,-125.0,-1.5277438279149402,-29,0.6102941176470589,0.024202556782921682,8329,0.49999999999999994,0.8660254037844387,0.0,1.0
2024-01-28,120,257,126,8004,307,2024,1,1,4,28,6,Sunday,January,0,0,8057.0,8045.0,8463.0,8757.0,8015.285714285715,8107.714285714285,8381.333333333334,135.51840500571413,309.13263901709297,7813.0,8182.0,7813.0,8902.0,-53.0,-0.6578130817922356,-181,0.490272373540856,0.03835582208895552,8261,0.49999999999999994,0.8660254037844387,-0.7818314824680299,0.6234898018587334
2024-01-25,102,189,155,8180,293,2024,1,1,4,25,3,Thursday,January,0,0,8004.0,7872.0,8512.0,8714.0,8059.285714285715,8084.0,8363.533333333333,131.17382143029567,304.6586256137264,7813.0,8182.0,7813.0,8902.0,176.0,2.1989005497251357,-138,0.8201058201058201,0.03581907090464548,8369,0.49999999999999994,0.8660254037844387,0.43388373911755823,-0.900968867902419
2024-01-24,90,196,205,8212,243,2024,1,1,4,24,2,Wednesday,January,0,0,8180.0,7813.0,8348.0,8902.0,8116.285714285715,8074.285714285715,8340.533333333333,84.81492456300587,288.20702967476024,8004.0,8212.0,7813.0,8870.0,32.0,0.3911980440097773,-38,1.0459183673469388,0.02959084266926449,8408,0.49999999999999994,0.8660254037844387,0.9749279121818236,-0.22252093395631434
2024-01-23,128,228,177,8133,202,2024,1,1,4,23,1,Tuesday,January,0,0,8212.0,8026.0,8092.0,8870.0,8131.571428571428,8077.214285714285,8315.966666666667,74.89293946033679,272.50213328266494,8004.0,8212.0,7813.0,8800.0,-79.0,-0.9620068192888409,-25,0.7763157894736842,0.024837083487028157,8361,0.49999999999999994,0.8660254037844387,0.7818314824680298,0.6234898018587336
2024-01-22,136,246,123,8008,222,2024,1,1,4,22,0,Monday,January,0,0,8133.0,8153.0,8056.0,8800.0,8110.857142857143,8073.785714285715,8289.566666666668,87.04487074989747,262.1602146795823,8004.0,8212.0,7813.0,8724.0,-125.0,-1.536948235583424,-99,0.5,0.027722277722277724,8254,0.49999999999999994,0.8660254037844387,0.0,1.0
2024-01-21,105,185,158,7974,371,2024,1,1,3,21,6,Sunday,January,0,0,8008.0,8182.0,8188.0,8660.0,8081.142857142857,8058.5,8266.7,93.94045733264076,258.6294313463684,7974.0,8212.0,7813.0,8724.0,-34.0,-0.4245754245754241,-213,0.8540540540540541,0.04652621018309506,8159,0.49999999999999994,0.8660254037844387,-0.7818314824680299,0.6234898018587334
2024-01-18,116,188,164,8042,359,2024,1,1,3,18,3,Thursday,January,0,0,7974.0,8057.0,8160.0,8594.0,8079.0,8050.071428571428,8248.3,94.75054969087408,254.1377782714581,7974.0,8212.0,7813.0,8724.0,68.0,0.8527715073990416,-195,0.8723404255319149,0.044640636657547875,8230,0.49999999999999994,0.8660254037844387,0.43388373911755823,-0.900968867902419
2024-01-17,80,176,125,8072,353,2024,1,1,3,17,2,Wednesday,January,0,0,8042.0,8004.0,8045.0,8724.0,8088.714285714285,8052.0,8226.566666666668,89.09679060041633,239.5121022544833,7974.0,8212.0,7813.0,8699.0,30.0,0.37304153195723,-228,0.7102272727272727,0.04373141724479683,8248,0.49999999999999994,0.8660254037844387,0.9749279121818236,-0.22252093395631434
2024-01-16,32,49,39,8133,188,2024,1,1,3,16,1,Tuesday,January,0,0,8072.0,8180.0,7872.0,8699.0,8082.0,8070.642857142857,8207.7,82.60548811503297,222.7181843835337,7974.0,8212.0,7813.0,8650.0,61.0,0.7556987115956426,-149,0.7959183673469388,0.02311570146317472,8182,0.49999999999999994,0.8660254037844387,0.7818314824680298,0.6234898018587336
2024-01-15,33,53,34,8033,234,2024,1,1,3,15,0,Monday,January,0,0,8133.0,8212.0,7813.0,8650.0,8056.428571428572,8086.357142857143,8187.133333333333,60.36791957937069,208.5003486860973,7974.0,8133.0,7813.0,8607.0,-100.0,-1.2295585884667393,-200,0.6415094339622641,0.029129839412423753,8086,0.49999999999999994,0.8660254037844387,0.0,1.0
2024-01-11,29,51,11,8829,476,2024,1,1,2,11,3,Thursday,January,0,0,8033.0,8133.0,8026.0,8404.0,8155.857142857143,8143.714285714285,8201.3,301.01684812847367,236.32533828848466,7974.0,8829.0,7813.0,8829.0,796.0,9.909124859952701,-465,0.21568627450980393,0.053913240457582966,8880,0.49999999999999994,0.8660254037844387,0.43388373911755823,-0.900968867902419
2024-01-10,91,75,97,9144,349,2024,1,1,2,10,2,Wednesday,January,0,0,8829.0,8008.0,8153.0,8404.0,8318.142857142857,8214.5,8225.966666666667,467.9520732481094,290.59884463925954,7974.0,9144.0,7813.0,9144.0,315.0,3.567787971457692,-252,1.2933333333333332,0.038167104111986004,9219,0.49999999999999994,0.8660254037844387,0.9749279121818236,-0.22252093395631434
2024-01-09,62,97,52,9311,286,2024,1,1,2,9,1,Tuesday,January,0,0,9144.0,7974.0,8182.0,8607.0,8509.142857142857,8295.142857142857,8249.433333333332,566.5449168929222,345.64150087390004,8033.0,9311.0,7813.0,9311.0,167.0,1.8263342082239786,-234,0.5360824742268041,0.030716356997100205,9408,0.49999999999999994,0.8660254037844387,0.7818314824680298,0.6234898018587336
2024-01-08,59,64,117,9670,367,2024,1,1,2,8,0,Monday,January,0,0,9311.0,8042.0,8057.0,8573.0,8741.714285714286,8410.357142857143,8286.0,667.9046125223583,429.02351032748624,8033.0,9670.0,7813.0,9670.0,359.0,3.855654602083547,-250,1.828125,0.03795243019648397,9734,0.49999999999999994,0.8660254037844387,0.0,1.0
2024-01-07,84,118,136,9670,367,2024,1,1,1,7,6,Sunday,January,0,0,9670.0,8072.0,8004.0,8488.0,8970.0,8529.357142857143,8325.4,673.9159195825112,497.08998699665983,8033.0,9670.0,7813.0,9670.0,0.0,0.0,-231,1.152542372881356,0.03795243019648397,9788,0.49999999999999994,0.8660254037844387,-0.7818314824680299,0.6234898018587334
2024-01-04,86,152,168,10558,362,2024,1,1,1,4,3,Thursday,January,0,0,9670.0,8133.0,8180.0,8380.0,9316.42857142857,8699.214285714286,8398.0,785.9242663138955,642.979433360091,8033.0,10558.0,7813.0,10558.0,888.0,9.183040330920367,-194,1.105263157894737,0.03428679674180716,10710,0.49999999999999994,0.8660254037844387,0.43388373911755823,-0.900968867902419
2024-01-03,106,196,131,10718,263,2024,1,1,1,3,2,Wednesday,January,0,0,10558.0,8033.0,8212.0,8463.0,9700.0,8878.214285714286,8473.166666666666,706.3268837208155,770.0857132469424,8829.0,10718.0,7813.0,10718.0,160.0,1.5154385300246265,-132,0.6683673469387755,0.02453816010449711,10914,0.49999999999999994,0.8660254037844387,0.9749279121818236,-0.22252093395631434
2024-01-02,113,162,107,10770,316,2024,1,1,1,2,1,Tuesday,January,0,0,10718.0,8829.0,8133.0,8512.0,9977.285714285714,9066.57142857143,8548.433333333332,688.1658507186602,876.944369066081,9144.0,10770.0,7813.0,10770.0,52.0,0.48516514275052103,-209,0.6604938271604939,0.02934076137418756,10932,0.49999999999999994,0.8660254037844387,0.7818314824680298,0.6234898018587336
2024-01-01,92,124,93,10870,290,2024,1,1,1,1,0,Monday,January,1,0,10770.0,9144.0,8008.0,8348.0,10223.857142857143,9271.0,8632.5,647.8714966647182,972.72091720007,9311.0,10870.0,7813.0,10870.0,100.0,0.9285051067780881,-197,0.75,0.02667893284268629,10994,0.49999999999999994,0.8660254037844387,0.0,1.0
2023-12-28,68,107,102,11230,357,2023,12,4,52,28,3,Thursday,December,0,0,10870.0,9311.0,7974.0,8092.0,10498.0,9503.57142857143,8737.1,601.575708729538,1075.8480968919964,9670.0,11230.0,7813.0,11230.0,360.0,3.311867525298995,-255,0.9532710280373832,0.031789848619768475,11337,-2.4492935982947064e-16,1.0,0.43388373911755823,-0.900968867902419
2023-12-27,74,103,80,11206,335,2023,12,4,52,27,2,Wednesday,December,0,0,11230.0,9670.0,8042.0,8056.0,10717.42857142857,9729.57142857143,8842.1,524.4040608612193,1157.6856326904353,9670.0,11230.0,7813.0,11230.0,-24.0,-0.21371326803205637,-255,0.7766990291262136,0.029894699268249152,11309,-2.4492935982947064e-16,1.0,0.9749279121818236,-0.22252093395631434
2023-12-26,56,82,68,11217,288,2023,12,4,52,26,1,Tuesday,December,0,0,11206.0,9670.0,8072.0,8188.0,10938.42857142857,9954.214285714286,8943.066666666668,277.0606775559165,1228.5865142465252,10558.0,11230.0,7813.0,11230.0,11.0,0.09816169908978267,-220,0.8292682926829268,0.025675314255148435,11299,-2.4492935982947064e-16,1.0,0.7818314824680298,0.6234898018587336
2023-12-25,90,196,205,11144,347,2023,12,4,52,25,0,Monday,December,0,0,11217.0,10558.0,8133.0,8160.0,11022.142857142857,10169.285714285714,9042.533333333333,226.95552322853112,1282.6081384357149,10718.0,11230.0,7813.0,11230.0,-73.0,-0.6507978960506366,-142,1.0459183673469388,0.031137832017229004,11340,-2.4492935982947064e-16,1.0,0.0,1.0
2023-12-21,128,228,177,11375,497,2023,12,4,51,21,3,Thursday,December,0,0,11144.0,10718.0,8033.0,8045.0,11116.0,10408.0,9153.533333333333,215.79079374893595,1336.272781705276,10770.0,11375.0,7813.0,11375.0,231.0,2.072864321608048,-320,0.7763157894736842,0.04369230769230769,11603,-2.4492935982947064e-16,1.0,0.43388373911755823,-0.900968867902419
2023-12-20,136,246,123,11516,390,2023,12,4,51,20,2,Wednesday,December,0,0,11375.0,10770.0,8829.0,7872.0,11222.57142857143,10599.92857142857,9275.0,200.07320089011847,1380.647274488181,10870.0,11516.0,7813.0,11516.0,141.0,1.2395604395604387,-267,0.5,0.033865925668634944,11762,-2.4492935982947064e-16,1.0,0.9749279121818236,-0.22252093395631434
2023-12-19,105,185,158,11291,272,2023,12,4,51,19,1,Tuesday,December,0,0,11516.0,10870.0,9144.0,7813.0,11282.714285714286,10753.285714285714,9390.933333333332,125.98374800758401,1399.5444562633186,11144.0,11516.0,7974.0,11516.0,-225.0,-1.9538034039597085,-114,0.8540540540540541,0.024089983172438226,11476,-2.4492935982947064e-16,1.0,0.7818314824680298,0.6234898018587336
2023-12-18,116,188,164,11149,364,2023,12,4,51,18,0,Monday,December,0,0,11291.0,11230.0,9311.0,8026.0,11271.142857142857,10884.57142857143,9495.033333333333,135.0276867557521,1410.6206382501948,11144.0,11516.0,7974.0,11516.0,-142.0,-1.257638827384644,-200,0.8723404255319149,0.03264866804197686,11337,-2.4492935982947064e-16,1.0,0.0,1.0
2023-12-17,80,176,125,11092,456,2023,12,4,50,17,6,Sunday,December,0,0,11149.0,11206.0,9670.0,8153.0,11254.857142857143,10986.142857142857,9593.0,150.2147668859791,1416.2479814027981,11092.0,11516.0,7974.0,11516.0,-57.0,-0.5112566149430453,-331,0.7102272727272727,0.04111071042192571,11268,-2.4492935982947064e-16,1.0,-0.7818314824680299,0.6234898018587334
2023-12-14,150,157,201,11242,396,2023,12,4,50,14,3,Thursday,December,0,0,11092.0,11217.0,9670.0,8182.0,11258.42857142857,11098.42857142857,9695.0,149.45998031051212,1421.3052767280806,11092.0,11516.0,7974.0,11516.0,150.0,1.3523260007212379,-195,1.2802547770700636,0.03522504892367906,11399,-2.4492935982947064e-16,1.0,0.43388373911755823,-0.900968867902419
2023-12-13,116,181,182,11192,335,2023,12,4,50,13,2,Wednesday,December,0,0,11242.0,11144.0,10558.0,8057.0,11265.285714285714,11143.714285714286,9799.5,144.34878395298176,1411.9381335962848,11092.0,11516.0,7974.0,11516.0,-50.0,-0.4447607187333169,-153,1.0055248618784531,0.029932094353109364,11373,-2.4492935982947064e-16,1.0,0.9749279121818236,-0.22252093395631434
2023-12-12,141,173,129,11077,259,2023,12,4,50,12,1,Tuesday,December,0,0,11192.0,11375.0,10718.0,8004.0,11222.714285714286,11169.357142857143,9901.933333333332,150.4146649389725,1388.461290070018,11077.0,11516.0,7974.0,11516.0,-115.0,-1.0275196568977796,-130,0.7456647398843931,0.02338178207095784,11250,-2.4492935982947064e-16,1.0,0.7818314824680298,0.6234898018587336
2023-12-11,96,160,233,10998,304,2023,12,4,50,11,0,Monday,December,0,0,11077.0,11516.0,10770.0,8180.0,11148.714285714286,11185.642857142857,9995.866666666667,101.56724256390248,1363.04073694612,10998.0,11291.0,7974.0,11516.0,-79.0,-0.7131894917396409,-71,1.45625,0.027641389343517002,11158,-2.4492935982947064e-16,1.0,0.0,1.0
2023-12-10,158,226,191,10871,411,2023,12,4,49,10,6,Sunday,December,0,0,10998.0,11291.0,10870.0,8212.0,11088.714285714286,11185.714285714286,10084.5,124.8835648195265,1329.0717982214107,10871.0,11242.0,7974.0,11516.0,-127.0,-1.1547554100745594,-220,0.8451327433628318,0.03780700947474933,11097,-2.4492935982947064e-16,1.0,-0.7818314824680299,0.6234898018587334
2023-12-07,141,232,188,10897,466,2023,12,4,49,7,3,Thursday,December,0,0,10871.0,11149.0,11230.0,8133.0,11052.714285714286,11161.92857142857,10176.633333333333,140.01394488418603,1284.1698105386056,10871.0,11242.0,7974.0,11516.0,26.0,0.23916842976727803,-278,0.8103448275862069,0.04276406350371662,11129,-2.4492935982947064e-16,1.0,0.43388373911755823,-0.900968867902419
2023-12-06,123,233,159,10832,376,2023,12,4,49,6,2,Wednesday,December,0,0,10897.0,11092.0,11206.0,8008.0,11015.57142857143,11135.214285714286,10270.766666666666,160.79889836193473,1221.7056105504637,10832.0,11242.0,7974.0,11516.0,-65.0,-0.5964944480132184,-217,0.6824034334763949,0.03471196454948301,11065,-2.4492935982947064e-16,1.0,0.9749279121818236,-0.22252093395631434
2023-12-05,123,230,167,10761,261,2023,12,4,49,5,1,Tuesday,December,0,0,10832.0,11242.0,11217.0,7974.0,10946.857142857143,11102.642857142857,10363.666666666666,150.34563353797043,1144.562145864973,10761.0,11192.0,8033.0,11516.0,-71.0,-0.6554652880354506,-94,0.7260869565217392,0.024254251463618624,10991,-2.4492935982947064e-16,1.0,0.7818314824680298,0.6234898018587336
2023-12-04,174,208,256,10635,273,2023,12,4,49,4,0,Monday,December,0,0,10761.0,11192.0,11144.0,8042.0,10867.285714285714,11066.285714285714,10450.1,146.32237728850606,1057.8119365479636,10635.0,11077.0,8033.0,11516.0,-126.0,-1.1708948982436573,-17,1.2307692307692308,0.025669957686882933,10843,-2.4492935982947064e-16,1.0,0.0,1.0
2023-12-03,132,235,197,10579,417,2023,12,4,48,3,6,Sunday,December,0,0,10635.0,11077.0,11375.0,8072.0,10796.142857142857,11009.42857142857,10533.666666666666,148.4143171123633,957.7590703206694,10579.0,10998.0,8033.0,11516.0,-56.0,-0.5265632346027282,-220,0.8382978723404255,0.039417714339729654,10814,-2.4492935982947064e-16,1.0,-0.7818314824680299,0.6234898018587334
2023-11-30,92,124,93,10536,320,2023,11,4,48,30,3,Thursday,November,0,1,10579.0,10998.0,11516.0,8133.0,10730.142857142857,10939.42857142857,10613.766666666666,146.3994860780842,843.7620061299326,10536.0,10897.0,8033.0,11516.0,-43.0,-0.40646563947442926,-227,0.75,0.030372057706909643,10660,-0.5000000000000004,0.8660254037844384,0.43388373911755823,-0.900968867902419
2023-11-29,68,107,102,10398,284,2023,11,4,48,29,2,Wednesday,November,0,0,10536.0,10871.0,11291.0,8033.0,10662.57142857143,10875.642857142857,10692.6,176.59450457965733,690.9726577752591,10398.0,10897.0,8829.0,11516.0,-138.0,-1.3097949886104798,-182,0.9532710280373832,0.027312944797076362,10505,-0.5000000000000004,0.8660254037844384,0.9749279121818236,-0.22252093395631434
2023-11-28,74,103,80,10223,223,2023,11,4,48,28,1,Tuesday,November,0,0,10398.0,10897.0,11149.0,8829.0,10566.285714285714,10809.5,10739.066666666668,208.360036384181,602.5405371014269,10223.0,10832.0,9144.0,11516.0,-175.0,-1.6830159646085807,-143,0.7766990291262136,0.021813557664090776,10326,-0.5000000000000004,0.8660254037844384,0.7818314824680298,0.6234898018587336
2023-11-27,56,82,68,10123,214,2023,11,4,48,27,0,Monday,November,0,0,10223.0,10832.0,11092.0,9144.0,10465.0,10740.285714285714,10771.7,228.97234185255388,536.0117825518238,10123.0,10761.0,9311.0,11516.0,-100.0,-0.9781864423359043,-146,0.8292682926829268,0.02113997826731206,10205,-0.5000000000000004,0.8660254037844384,0.0,1.0
2023-11-26,90,196,205,9845,312,2023,11,4,47,26,6,Sunday,November,0,0,10123.0,10761.0,11242.0,9311.0,10334.142857142857,10640.5,10789.5,286.2076335877767,492.9703600237742,9845.0,10635.0,9670.0,11516.0,-278.0,-2.746221475847077,-107,1.0459183673469388,0.031691213814118845,10041,-0.5000000000000004,0.8660254037844384,-0.7818314824680299,0.6234898018587334
2023-11-23,128,228,177,9838,283,2023,11,4,47,23,3,Thursday,November,0,0,9845.0,10635.0,11192.0,9670.0,10220.285714285714,10543.785714285714,10795.1,304.51804231496726,480.6140002551735,9838.0,10579.0,9670.0,11516.0,-7.0,-0.07110208227526504,-106,0.7763157894736842,0.028766009351494207,10066,-0.5000000000000004,0.8660254037844384,0.43388373911755823,-0.900968867902419
2023-11-21,136,246,123,9804,250,2023,11,4,47,21,1,Tuesday,November,0,0,9838.0,10579.0,11077.0,9670.0,10109.57142857143,10452.857142857143,10799.566666666668,293.0306338611225,470.30933938477574,9804.0,10536.0,9804.0,11516.0,-34.0,-0.3455986989225446,-127,0.5,0.025499796001631988,10050,-0.5000000000000004,0.8660254037844384,0.7818314824680298,0.6234898018587336
2023-11-20,105,185,158,9638,298,2023,11,4,47,20,0,Monday,November,0,0,9804.0,10536.0,10998.0,10558.0,9981.285714285714,10355.714285714286,10768.9,270.9672269764984,514.5203558185284,9638.0,10398.0,9638.0,11516.0,-166.0,-1.6931864545083664,-140,0.8540540540540541,0.03091927785847686,9823,-0.5000000000000004,0.8660254037844384,0.0,1.0
2023-11-19,116,188,164,9573,435,2023,11,4,46,19,6,Sunday,November,0,0,9638.0,10398.0,10871.0,10718.0,9863.42857142857,10263.0,10730.733333333334,236.76771819875236,558.9735009037058,9573.0,10223.0,9573.0,11516.0,-65.0,-0.6744137787922821,-271,0.8723404255319149,0.04544030084612974,9761,-0.5000000000000004,0.8660254037844384,-0.7818314824680299,0.6234898018587334
2023-11-16,80,176,125,9762,374,2023,11,4,46,16,3,Thursday,November,0,0,9573.0,10223.0,10897.0,10770.0,9797.57142857143,10181.92857142857,10697.133333333333,176.53598041487658,586.1659017443083,9573.0,10123.0,9573.0,11516.0,189.0,1.9743027264180535,-249,0.7102272727272727,0.03831182134808441,9938,-0.5000000000000004,0.8660254037844384,0.43388373911755823,-0.900968867902419
2023-11-15,150,157,201,9762,316,2023,11,4,46,15,2,Wednesday,November,0,0,9762.0,10123.0,10832.0,10870.0,9746.0,10105.5,10660.2,103.06470459580719,609.3465352325411,9573.0,9845.0,9573.0,11516.0,0.0,0.0,-115,1.2802547770700636,0.03237041589838148,9919,-0.5000000000000004,0.8660254037844384,0.9749279121818236,-0.22252093395631434
2023-11-14,116,181,182,9665,247,2023,11,4,46,14,1,Tuesday,November,0,0,9762.0,9845.0,10761.0,11230.0,9720.285714285714,10027.214285714286,10608.033333333333,96.49302960313592,625.6556000588188,9573.0,9838.0,9573.0,11516.0,-97.0,-0.993648842450312,-65,1.0055248618784531,0.025556130367304707,9846,-0.5000000000000004,0.8660254037844384,0.7818314824680298,0.6234898018587336
2023-11-13,141,173,129,9510,287,2023,11,4,46,13,0,Monday,November,0,0,9665.0,9838.0,10635.0,11206.0,9673.42857142857,9946.857142857143,10551.5,108.67360480373256,646.0526160913864,9510.0,9804.0,9510.0,11516.0,-155.0,-1.6037247801345078,-158,0.7456647398843931,0.030178759200841218,9683,-0.5000000000000004,0.8660254037844384,0.0,1.0
2023-11-12,96,160,233,9477,313,2023,11,4,45,12,6,Sunday,November,0,0,9510.0,9804.0,10579.0,11217.0,9626.714285714286,9868.142857142857,10493.5,113.37212221407056,662.1510271520574,9477.0,9762.0,9477.0,11516.0,-33.0,-0.34700315457413256,-80,1.45625,0.03302732932362562,9637,-0.5000000000000004,0.8660254037844384,-0.7818314824680299,0.6234898018587334
2023-11-08,158,226,191,9634,310,2023,11,4,45,8,2,Wednesday,November,0,0,9477.0,9638.0,10536.0,11144.0,9626.142857142857,9803.714285714286,10443.166666666666,113.31582497850964,668.3603758107802,9477.0,9762.0,9477.0,11516.0,157.0,1.6566423973831457,-119,0.8451327433628318,0.03217770396512352,9860,-0.5000000000000004,0.8660254037844384,0.9749279121818236,-0.22252093395631434
2023-11-07,141,232,188,9483,231,2023,11,4,45,7,1,Tuesday,November,0,0,9634.0,9573.0,10398.0,11375.0,9613.285714285714,9738.357142857143,10380.1,124.86754887475152,666.6629893576027,9477.0,9762.0,9477.0,11516.0,-151.0,-1.567365580236657,-43,0.8103448275862069,0.024359379943055995,9715,-0.5000000000000004,0.8660254037844384,0.7818314824680298,0.6234898018587336
2023-11-06,123,233,159,9286,316,2023,11,4,45,6,0,Monday,November,0,0,9483.0,9762.0,10223.0,11516.0,9545.285714285714,9671.42857142857,10305.766666666666,156.08941271587477,659.9312755928848,9286.0,9762.0,9286.0,11291.0,-197.0,-2.0774016661394112,-157,0.6824034334763949,0.034029722162395006,9519,-0.5000000000000004,0.8660254037844384,0.0,1.0
2023-11-05,123,230,167,9273,370,2023,11,4,44,5,6,Sunday,November,0,0,9286.0,9762.0,10123.0,11291.0,9475.42857142857,9610.714285714286,10238.5,152.31421157495154,658.8900672263624,9273.0,9665.0,9273.0,11242.0,-13.0,-0.13999569244023125,-203,0.7260869565217392,0.039900787231748086,9503,-0.5000000000000004,0.8660254037844384,-0.7818314824680299,0.6234898018587334
2023-11-02,174,208,256,9442,330,2023,11,4,44,2,3,Thursday,November,0,0,9273.0,9665.0,9845.0,11149.0,9443.57142857143,9581.92857142857,10181.6,127.32747431079,651.2116346498684,9273.0,9634.0,9273.0,11242.0,169.0,1.8224954168014618,-74,1.2307692307692308,0.03495022241050625,9650,-0.5000000000000004,0.8660254037844384,0.43388373911755823,-0.900968867902419
2023-11-01,132,235,197,9250,279,2023,11,4,44,1,2,Wednesday,November,1,0,9442.0,9510.0,9838.0,11092.0,9406.42857142857,9539.92857142857,10120.2,141.8177905425262,649.2481805903699,9250.0,9634.0,9250.0,11242.0,-192.0,-2.0334674857021784,-82,0.8382978723404255,0.03016216216216216,9485,-0.5000000000000004,0.8660254037844384,0.9749279121818236,-0.22252093395631434
2023-10-31,33,53,34,9072,295,2023,10,4,44,31,1,Tuesday,October,0,1,9250.0,9477.0,9804.0,11242.0,9348.57142857143,9487.642857142857,10047.866666666667,184.4377556639699,640.783396257617,9072.0,9634.0,9072.0,11192.0,-178.0,-1.9243243243243224,-261,0.6415094339622641,0.03251763668430335,9125,-0.8660254037844386,0.5000000000000001,0.7818314824680298,0.6234898018587336
2023-10-30,29,51,11,9026,278,2023,10,4,44,30,0,Monday,October,0,0,9072.0,9634.0,9638.0,11192.0,9261.714285714286,9443.92857142857,9975.666666666666,170.233872741724,629.347847095376,9026.0,9483.0,9026.0,11077.0,-46.0,-0.507054673721341,-267,0.21568627450980393,0.030799911367161533,9077,-0.8660254037844386,0.5000000000000001,0.0,1.0
2023-10-29,91,75,97,8925,418,2023,10,4,43,29,6,Sunday,October,0,0,9026.0,9483.0,9573.0,11077.0,9182.0,9397.642857142857,9903.933333333332,179.72478960920162,622.0898556524246,8925.0,9442.0,8925.0,10998.0,-101.0,-1.1189895856414833,-321,1.2933333333333332,0.046834733893557426,9000,-0.8660254037844386,0.5000000000000001,-0.7818314824680299,0.6234898018587334
2023-10-26,62,97,52,9235,390,2023,10,4,43,26,3,Thursday,October,0,0,8925.0,9286.0,9762.0,10998.0,9174.714285714286,9360.0,9845.166666666666,175.79696080604745,597.9782652797962,8925.0,9442.0,8925.0,10897.0,310.0,3.473389355742307,-338,0.5360824742268041,0.04223064428803465,9332,-0.8660254037844386,0.5000000000000001,0.43388373911755823,-0.900968867902419
2023-10-25,59,64,117,9351,293,2023,10,4,43,25,2,Wednesday,October,0,0,9235.0,9273.0,9762.0,10871.0,9185.857142857143,9330.642857142857,9794.5,185.28125338850322,571.8878446832562,8925.0,9442.0,8925.0,10897.0,116.0,1.2560909583107849,-176,1.828125,0.03133354721420169,9415,-0.8660254037844386,0.5000000000000001,0.9749279121818236,-0.22252093395631434
2023-10-24,84,118,136,9396,300,2023,10,4,43,24,1,Tuesday,October,0,0,9351.0,9442.0,9665.0,10897.0,9179.285714285714,9311.42857142857,9744.466666666667,175.22529715191376,536.682384291775,8925.0,9396.0,8925.0,10832.0,45.0,0.4812319538017418,-164,1.152542372881356,0.031928480204342274,9514,-0.8660254037844386,0.5000000000000001,0.7818314824680298,0.6234898018587336
2023-10-23,86,152,168,9436,327,2023,10,4,43,23,0,Monday,October,0,0,9396.0,9250.0,9510.0,10832.0,9205.857142857143,9306.142857142857,9697.933333333332,200.0761759694259,498.28235544421597,8925.0,9436.0,8925.0,10761.0,40.0,0.42571306939123144,-159,1.105263157894737,0.03465451462484104,9588,-0.8660254037844386,0.5000000000000001,0.0,1.0
2023-10-22,106,196,131,9506,454,2023,10,4,42,22,6,Sunday,October,0,0,9436.0,9072.0,9477.0,10761.0,9267.857142857143,9308.214285714286,9656.1,218.11421210889458,456.9199997885918,8925.0,9506.0,8925.0,10635.0,70.0,0.7418397626112849,-323,0.6683673469387755,0.047759309909530825,9702,-0.8660254037844386,0.5000000000000001,-0.7818314824680299,0.6234898018587334
2023-10-19,113,162,107,10319,406,2023,10,4,42,19,3,Thursday,October,0,0,9506.0,9026.0,9634.0,10635.0,9452.57142857143,9357.142857142857,9645.566666666668,426.81254946525695,436.7735689972815,8925.0,10319.0,8925.0,10579.0,813.0,8.552493162213338,-299,0.6604938271604939,0.03934489776141099,10481,-0.8660254037844386,0.5000000000000001,0.43388373911755823,-0.900968867902419
2023-10-18,92,124,93,10511,393,2023,10,4,42,18,2,Wednesday,October,0,0,10319.0,8925.0,9483.0,10579.0,9679.142857142857,9430.57142857143,9643.3,512.4468845879513,431.91180054287275,9235.0,10511.0,8925.0,10536.0,192.0,1.860645411377071,-300,0.75,0.037389401579297876,10635,-0.8660254037844386,0.5000000000000001,0.9749279121818236,-0.22252093395631434
2023-10-17,68,107,102,10630,315,2023,10,4,42,17,1,Tuesday,October,0,0,10511.0,9235.0,9286.0,10536.0,9878.42857142857,9526.57142857143,9646.433333333332,577.9956335311252,438.8957682664635,9351.0,10630.0,8925.0,10630.0,119.0,1.1321472742840788,-213,0.9532710280373832,0.029633113828786452,10737,-0.8660254037844386,0.5000000000000001,0.7818314824680298,0.6234898018587336
2023-10-16,74,103,80,10629,331,2023,10,4,42,16,0,Monday,October,0,0,10630.0,9351.0,9273.0,10398.0,10061.0,9623.42857142857,9654.133333333333,585.4234934359635,454.2922296110376,9396.0,10630.0,8925.0,10630.0,-1.0,-0.009407337723421616,-251,0.7766990291262136,0.031141217424028603,10732,-0.8660254037844386,0.5000000000000001,0.0,1.0
2023-10-15,56,82,68,10571,434,2023,10,4,41,15,6,Sunday,October,0,0,10629.0,9396.0,9442.0,10223.0,10228.857142857143,9704.07142857143,9665.733333333334,528.6723713138249,473.3614157121043,9436.0,10630.0,8925.0,10630.0,-58.0,-0.545676921629501,-366,0.8292682926829268,0.04105571847507331,10653,-0.8660254037844386,0.5000000000000001,-0.7818314824680299,0.6234898018587334
2023-10-12,38,80,82,10992,398,2023,10,4,41,12,3,Thursday,October,0,0,10571.0,9436.0,9250.0,10123.0,10451.142857142857,9828.5,9694.7,462.7553091976257,525.9729342714478,9506.0,10992.0,8925.0,10992.0,421.0,3.9825938889414436,-316,1.025,0.03620815138282387,11072,-0.8660254037844386,0.5000000000000001,0.43388373911755823,-0.900968867902419
2023-10-11,65,83,65,10960,266,2023,10,4,41,11,2,Wednesday,October,0,0,10992.0,9506.0,9072.0,9845.0,10658.857142857143,9963.357142857143,9731.866666666667,240.99753011997987,574.1479884520954,10319.0,10992.0,8925.0,10992.0,-32.0,-0.29112081513827937,-201,0.7831325301204819,0.02427007299270073,11043,-0.8660254037844386,0.5000000000000001,0.9749279121818236,-0.22252093395631434
2023-10-10,41,60,71,10910,257,2023,10,4,41,10,1,Tuesday,October,0,0,10960.0,10319.0,9026.0,9838.0,10743.285714285714,10097.92857142857,9767.6,202.54687875986122,613.0241374557426,10511.0,10992.0,8925.0,10992.0,-50.0,-0.45620437956204185,-186,1.1833333333333333,0.023556370302474795,10970,-0.8660254037844386,0.5000000000000001,0.7818314824680298,0.6234898018587336
2023-10-09,43,73,64,10815,282,2023,10,4,41,9,0,Monday,October,0,0,10910.0,10511.0,8925.0,9804.0,10786.714285714286,10232.92857142857,9801.3,175.18344127046717,642.1894204392084,10571.0,10992.0,8925.0,10992.0,-95.0,-0.8707607699358411,-218,0.8767123287671232,0.0260748959778086,10888,-0.8660254037844386,0.5000000000000001,0.0,1.0
2023-10-05,35,70,53,11130,427,2023,10,4,40,5,3,Thursday,October,0,0,10815.0,10630.0,9235.0,9638.0,10858.142857142857,10368.285714285714,9851.033333333333,200.70993047331584,685.4242322538848,10571.0,11130.0,8925.0,11130.0,315.0,2.9126213592232997,-374,0.7571428571428571,0.038364779874213835,11200,-0.8660254037844386,0.5000000000000001,0.43388373911755823,-0.900968867902419
2023-10-04,25,66,94,10963,330,2023,10,4,40,4,2,Wednesday,October,0,0,11130.0,10629.0,9351.0,9573.0,10905.857142857143,10483.42857142857,9897.366666666667,175.24214539869627,712.4302498627129,10571.0,11130.0,8925.0,11130.0,-167.0,-1.5004492362982957,-236,1.4242424242424243,0.030101249657940345,11029,-0.8660254037844386,0.5000000000000001,0.9749279121818236,-0.22252093395631434
2023-10-03,99,156,139,10818,287,2023,10,4,40,3,1,Tuesday,October,0,0,10963.0,10571.0,9396.0,9762.0,10941.142857142857,10585.0,9932.566666666668,108.88285535659584,731.3478196680703,10815.0,11130.0,8925.0,11130.0,-145.0,-1.3226306667882826,-148,0.8910256410256411,0.026529857644666296,10974,-0.8660254037844386,0.5000000000000001,0.7818314824680298,0.6234898018587336
2023-10-02,107,170,133,10724,284,2023,10,4,40,2,0,Monday,October,0,0,10818.0,10992.0,9436.0,9762.0,10902.857142857143,10677.0,9964.633333333333,132.5624740412524,744.581459999253,10724.0,11130.0,8925.0,11130.0,-94.0,-0.8689221667591007,-151,0.7823529411764706,0.02648265572547557,10894,-0.8660254037844386,0.5000000000000001,0.0,1.0
2023-10-01,80,122,152,10598,493,2023,10,4,39,1,6,Sunday,October,1,0,10724.0,10960.0,9506.0,9665.0,10851.142857142857,10755.0,9995.733333333334,171.45886637112048,751.0912031186392,10598.0,11130.0,8925.0,11130.0,-126.0,-1.1749347258485643,-341,1.2459016393442623,0.046518210983204376,10720,-0.8660254037844386,0.5000000000000001,-0.7818314824680299,0.6234898018587334
2023-09-28,57,162,193,10984,447,2023,9,3,39,28,3,Thursday,September,0,0,10598.0,10910.0,10319.0,9510.0,10861.714285714286,10802.5,10044.866666666667,177.8545419587738,766.2788154375738,10598.0,11130.0,8925.0,11130.0,386.0,3.642196640875639,-254,1.191358024691358,0.040695557174071376,11146,-1.0,-1.8369701987210297e-16,0.43388373911755823,-0.900968867902419
2023-09-27,161,304,211,11017,331,2023,9,3,39,27,2,Wednesday,September,0,0,10984.0,10815.0,10511.0,9477.0,10890.57142857143,10838.642857142857,10096.2,185.24565414897114,778.4119731863744,10598.0,11130.0,8925.0,11130.0,33.0,0.30043699927166934,-120,0.694078947368421,0.030044476717799765,11321,-1.0,-1.8369701987210297e-16,0.9749279121818236,-0.22252093395631434
2023-09-26,205,294,177,10978,332,2023,9,3,39,26,1,Tuesday,September,0,0,11017.0,11130.0,10630.0,9634.0,10868.857142857143,10863.5,10141.0,159.6417119383388,789.4904947997886,10598.0,11017.0,8925.0,11130.0,-39.0,-0.3539983661613899,-155,0.6020408163265306,0.03024230278739297,11272,-1.0,-1.8369701987210297e-16,0.7818314824680298,0.6234898018587336
2023-09-25,100,255,236,10842,284,2023,9,3,39,25,0,Monday,September,0,0,10978.0,10963.0,10629.0,9483.0,10851.57142857143,10878.714285714286,10186.3,154.20749781083697,789.422230888258,10598.0,11017.0,8925.0,11130.0,-136.0,-1.2388413190016379,-48,0.9254901960784314,0.026194429072126914,11097,-1.0,-1.8369701987210297e-16,0.0,1.0
2023-09-24,269,412,204,10744,403,2023,9,3,38,24,6,Sunday,September,0,0,10842.0,10818.0,10571.0,9286.0,10841.0,10891.07142857143,10234.9,159.34344458891294,776.8652015499307,10598.0,11017.0,8925.0,11130.0,-98.0,-0.9038922707987451,-199,0.49514563106796117,0.03750930752047654,11156,-1.0,-1.8369701987210297e-16,-0.7818314824680299,0.6234898018587334
2023-09-21,168,285,210,11067,428,2023,9,3,38,21,3,Thursday,September,0,0,10744.0,10724.0,10992.0,9273.0,10890.0,10896.42857142857,10294.7,169.76552457275068,769.2792036077358,10598.0,11067.0,8925.0,11130.0,323.0,3.0063291139240444,-218,0.7368421052631579,0.03867353392970091,11352,-1.0,-1.8369701987210297e-16,0.43388373911755823,-0.900968867902419
2023-09-20,187,310,247,11064,364,2023,9,3,38,20,2,Wednesday,September,0,0,11067.0,10598.0,10960.0,9442.0,10956.57142857143,10903.857142857143,10348.766666666666,120.35483253453246,764.2655560927684,10744.0,11067.0,8925.0,11130.0,-3.0,-0.02710761724044053,-117,0.7967741935483871,0.03289949385394071,11374,-1.0,-1.8369701987210297e-16,0.9749279121818236,-0.22252093395631434
2023-09-19,133,287,189,11095,260,2023,9,3,38,19,1,Tuesday,September,0,0,11064.0,10984.0,10910.0,9250.0,10972.42857142857,10917.07142857143,10410.266666666666,131.37840657587455,746.8338195494978,10744.0,11095.0,8925.0,11130.0,31.0,0.28018799710773923,-71,0.6585365853658537,0.023433979269941414,11382,-1.0,-1.8369701987210297e-16,0.7818314824680298,0.6234898018587336
2023-09-18,180,337,219,10892,313,2023,9,3,38,18,0,Monday,September,0,0,11095.0,11017.0,10815.0,9072.0,10954.57142857143,10922.57142857143,10470.933333333332,132.79791306498493,707.2471612713196,10744.0,11095.0,8925.0,11130.0,-203.0,-1.8296529968454212,-94,0.6498516320474778,0.028736687477047374,11229,-1.0,-1.8369701987210297e-16,0.0,1.0
2023-09-17,153,253,286,10799,427,2023,9,3,37,17,6,Sunday,September,0,0,10892.0,10978.0,11130.0,9026.0,10929.0,10898.92857142857,10530.033333333333,144.27288957664769,654.4481478015066,10744.0,11095.0,8925.0,11130.0,-93.0,-0.853837679030478,-141,1.1304347826086956,0.03954069821279748,11052,-1.0,-1.8369701987210297e-16,-0.7818314824680299,0.6234898018587334
2023-09-14,209,353,232,10837,414,2023,9,3,37,14,3,Thursday,September,0,0,10799.0,10842.0,10963.0,8925.0,10928.285714285714,10889.92857142857,10593.766666666666,144.78687128109019,581.8225635038586,10744.0,11095.0,9235.0,11130.0,38.0,0.35188443374385425,-182,0.6572237960339944,0.038202454553843315,11190,-1.0,-1.8369701987210297e-16,0.43388373911755823,-0.900968867902419
2023-09-13,167,326,213,10678,343,2023,9,3,37,13,2,Wednesday,September,0,0,10837.0,10744.0,10818.0,9235.0,10918.857142857143,10879.92857142857,10641.866666666667,160.12435643567218,522.2117243584004,10678.0,11095.0,9351.0,11130.0,-159.0,-1.4671957183722384,-130,0.6533742331288344,0.03212212024723731,11004,-1.0,-1.8369701987210297e-16,0.9749279121818236,-0.22252093395631434
2023-09-12,224,315,152,10649,316,2023,9,3,37,12,1,Tuesday,September,0,0,10678.0,11067.0,10724.0,9351.0,10859.142857142857,10874.57142857143,10685.133333333333,173.08709616048785,461.8553836453586,10649.0,11095.0,9396.0,11130.0,-29.0,-0.27158643940813354,-164,0.48253968253968255,0.02967414780730585,10964,-1.0,-1.8369701987210297e-16,0.7818314824680298,0.6234898018587336
2023-09-11,132,243,183,10492,277,2023,9,3,37,11,0,Monday,September,0,0,10649.0,11064.0,10598.0,9396.0,10777.42857142857,10867.0,10721.666666666666,194.0110453412658,394.85469464723326,10492.0,11095.0,9436.0,11130.0,-157.0,-1.4743168372617133,-94,0.7530864197530864,0.02640106747998475,10735,-1.0,-1.8369701987210297e-16,0.0,1.0
2023-09-10,218,283,208,10282,382,2023,9,3,36,10,6,Sunday,September,0,0,10492.0,11095.0,10984.0,9436.0,10661.285714285714,10816.857142857143,10749.866666666667,214.48210048554873,323.65943503157706,10282.0,10892.0,9506.0,11130.0,-210.0,-2.0015249714067873,-174,0.734982332155477,0.03715230499902743,10565,-1.0,-1.8369701987210297e-16,-0.7818314824680299,0.6234898018587334
2023-09-07,118,245,160,10419,398,2023,9,3,36,7,3,Thursday,September,0,0,10282.0,10892.0,11017.0,9506.0,10593.714285714286,10774.142857142857,10780.3,203.9311274965747,232.8526469085454,10282.0,10837.0,10282.0,11130.0,137.0,1.3324255981326694,-238,0.6530612244897959,0.03819944332469527,10664,-1.0,-1.8369701987210297e-16,0.43388373911755823,-0.900968867902419
2023-09-06,81,230,242,10356,291,2023,9,3,36,6,2,Wednesday,September,0,0,10419.0,10799.0,10978.0,10319.0,10530.42857142857,10729.714285714286,10781.533333333333,198.2665353702849,230.41023883677877,10282.0,10837.0,10282.0,11130.0,-63.0,-0.6046645551396446,-49,1.0521739130434782,0.02809965237543453,10586,-1.0,-1.8369701987210297e-16,0.9749279121818236,-0.22252093395631434
2023-09-05,236,330,222,10142,243,2023,9,3,36,5,1,Tuesday,September,0,0,10356.0,10837.0,10842.0,10511.0,10431.142857142857,10679.714285714286,10769.233333333334,193.10828445181684,253.9924901594006,10142.0,10678.0,10142.0,11130.0,-214.0,-2.06643491695635,-21,0.6727272727272727,0.023959771248274503,10472,-1.0,-1.8369701987210297e-16,0.7818314824680298,0.6234898018587336
2023-09-04,196,306,187,9988,293,2023,9,3,36,4,0,Monday,September,0,0,10142.0,10678.0,10744.0,10630.0,10332.57142857143,10625.714285714286,10747.833333333334,220.29060892617238,290.5437332303732,9988.0,10649.0,9988.0,11130.0,-154.0,-1.5184381778741818,-106,0.6111111111111112,0.02933520224269123,10294,-1.0,-1.8369701987210297e-16,0.0,1.0
2023-08-31,113,280,237,10140,505,2023,8,3,35,31,3,Thursday,August,0,1,9988.0,10649.0,11067.0,10629.0,10259.857142857143,10559.5,10731.533333333333,178.47168643023534,310.4736907430004,9988.0,10492.0,9988.0,11130.0,152.0,1.5218261914297093,-268,0.8464285714285714,0.04980276134122288,10420,-0.8660254037844384,-0.5000000000000004,0.43388373911755823,-0.900968867902419
2023-08-30,239,367,224,10280,366,2023,8,3,35,30,2,Wednesday,August,0,0,10140.0,10492.0,11064.0,10571.0,10229.57142857143,10503.5,10721.833333333334,147.87816735766268,320.0599171633567,9988.0,10419.0,9988.0,11130.0,140.0,1.3806706114398493,-142,0.6103542234332425,0.035603112840466924,10647,-0.8660254037844384,-0.5000000000000004,0.9749279121818236,-0.22252093395631434
2023-08-29,152,272,214,10180,286,2023,8,3,35,29,1,Tuesday,August,0,0,10280.0,10282.0,11095.0,10992.0,10215.0,10438.142857142857,10694.766666666666,146.8729609791221,330.58607135603097,9988.0,10419.0,9988.0,11130.0,-100.0,-0.9727626459143934,-72,0.7867647058823529,0.028094302554027506,10452,-0.8660254037844384,-0.5000000000000004,0.7818314824680298,0.6234898018587336
2023-08-28,170,297,196,10012,388,2023,8,3,35,28,0,Monday,August,0,0,10180.0,10419.0,10892.0,10960.0,10156.857142857143,10375.285714285714,10663.166666666666,132.5134314849475,349.1463563619443,9988.0,10356.0,9988.0,11130.0,-168.0,-1.6502946954813358,-192,0.6599326599326599,0.03875349580503396,10309,-0.8660254037844384,-0.5000000000000004,0.0,1.0
2023-08-27,191,283,192,9873,488,2023,8,3,34,27,6,Sunday,August,0,0,10012.0,10356.0,10799.0,10910.0,10087.857142857143,10309.142857142857,10628.6,137.20353320492086,374.2939652381473,9873.0,10280.0,9873.0,11130.0,-139.0,-1.3883339992009636,-296,0.6784452296819788,0.049427732198926363,10156,-0.8660254037844384,-0.5000000000000004,-0.7818314824680299,0.6234898018587334
2023-08-24,109,214,173,10026,443,2023,8,3,34,24,3,Thursday,August,0,0,9873.0,10142.0,10837.0,10815.0,10071.285714285714,10251.214285714286,10602.3,136.57807814094934,388.2060553098221,9873.0,10280.0,9873.0,11130.0,153.0,1.5496809480401108,-270,0.8084112149532711,0.044185118691402354,10240,-0.8660254037844384,-0.5000000000000004,0.43388373911755823,-0.900968867902419
2023-08-23,155,212,181,10071,285,2023,8,3,34,23,2,Wednesday,August,0,0,10026.0,9988.0,10678.0,11130.0,10083.142857142857,10207.857142857143,10567.0,131.65666025910102,386.7122248229145,9873.0,10280.0,9873.0,11095.0,45.0,0.4488330341113178,-104,0.8537735849056604,0.02829907655644921,10283,-0.8660254037844384,-0.5000000000000004,0.9749279121818236,-0.22252093395631434
2023-08-22,119,209,152,9921,230,2023,8,3,34,22,1,Tuesday,August,0,0,10071.0,10140.0,10649.0,10963.0,10051.857142857143,10155.857142857143,10532.266666666666,141.54319549374154,396.5868112412171,9873.0,10280.0,9873.0,11095.0,-150.0,-1.489425081918383,-78,0.7272727272727273,0.023183146860195545,10130,-0.8660254037844384,-0.5000000000000004,0.7818314824680298,0.6234898018587336
2023-08-21,143,203,163,9668,281,2023,8,3,34,21,0,Monday,August,0,0,9921.0,10280.0,10492.0,10818.0,9964.42857142857,10097.0,10493.933333333332,164.3156080465891,422.73256674688264,9668.0,10180.0,9668.0,11095.0,-253.0,-2.550146154621513,-118,0.8029556650246306,0.029064956557716178,9871,-0.8660254037844384,-0.5000000000000004,0.0,1.0
2023-08-20,105,210,149,9483,390,2023,8,3,33,20,6,Sunday,August,0,0,9668.0,10180.0,10282.0,10724.0,9864.857142857143,10039.92857142857,10452.566666666668,215.21263018367503,458.6374635683476,9483.0,10071.0,9483.0,11095.0,-185.0,-1.9135291683905709,-241,0.7095238095238096,0.041126225877886745,9693,-0.8660254037844384,-0.5000000000000004,-0.7818314824680299,0.6234898018587334
2023-08-17,119,219,210,9694,407,2023,8,3,33,17,3,Thursday,August,0,0,9483.0,10012.0,10419.0,10598.0,9819.42857142857,9988.142857142857,10422.433333333332,212.52204367480851,478.03958019162644,9483.0,10071.0,9483.0,11095.0,211.0,2.2250342718548977,-197,0.958904109589041,0.04198473282442748,9913,-0.8660254037844384,-0.5000000000000004,0.43388373911755823,-0.900968867902419
2023-08-16,148,245,175,9634,288,2023,8,3,33,16,2,Wednesday,August,0,0,9694.0,9873.0,10356.0,10984.0,9785.285714285714,9936.57142857143,10377.433333333332,221.49019111916064,486.8141813118615,9483.0,10071.0,9483.0,11095.0,-60.0,-0.618939550237263,-113,0.7142857142857143,0.029894124974050237,9879,-0.8660254037844384,-0.5000000000000004,0.9749279121818236,-0.22252093395631434
2023-08-10,142,235,139,8914,353,2023,8,3,32,10,3,Thursday,August,0,0,9634.0,10026.0,10142.0,11017.0,9626.42857142857,9848.857142857143,10307.333333333334,369.43508998791685,540.0454855256938,8914.0,10071.0,8914.0,11095.0,-720.0,-7.4735312435125545,-214,0.5914893617021276,0.03960062822526363,9149,-0.8660254037844384,-0.5000000000000004,0.43388373911755823,-0.900968867902419
2023-08-09,118,139,168,8888,251,2023,8,3,32,9,2,Wednesday,August,0,0,8914.0,10071.0,9988.0,10978.0,9457.42857142857,9770.285714285714,10237.666666666666,401.37258548765374,583.595711107346,8888.0,9921.0,8888.0,11095.0,-26.0,-0.2916760152569031,-83,1.20863309352518,0.02824032403240324,9027,-0.8660254037844384,-0.5000000000000004,0.9749279121818236,-0.22252093395631434
2023-08-08,125,232,192,8725,207,2023,8,3,32,8,1,Tuesday,August,0,0,8888.0,9921.0,10140.0,10842.0,9286.57142857143,9669.214285714286,10167.1,425.01131637605516,633.8303563963747,8725.0,9694.0,8725.0,11095.0,-163.0,-1.8339333933393376,-15,0.8275862068965517,0.02372492836676218,8957,-0.8660254037844384,-0.5000000000000004,0.7818314824680298,0.6234898018587336
2023-08-07,156,256,176,8493,202,2023,8,3,32,7,0,Monday,August,0,0,8725.0,9668.0,10280.0,10744.0,9118.714285714286,9541.57142857143,10092.066666666668,477.9894400109586,693.6008955435038,8493.0,9694.0,8493.0,11095.0,-232.0,-2.6590257879656187,-26,0.6875,0.023784292947132933,8749,-0.8660254037844384,-0.5000000000000004,0.0,1.0
2023-08-06,109,245,159,8298,322,2023,8,3,31,6,6,Sunday,August,0,0,8493.0,9483.0,10180.0,11067.0,8949.42857142857,9407.142857142857,9999.766666666666,534.0267961888246,741.9449130649043,8298.0,9694.0,8298.0,11095.0,-195.0,-2.2960084775697664,-163,0.6489795918367347,0.03880453121234032,8543,-0.8660254037844384,-0.5000000000000004,-0.7818314824680299,0.6234898018587334
2023-08-03,167,209,157,8294,339,2023,8,3,31,3,3,Thursday,August,0,0,8298.0,9694.0,10012.0,11064.0,8749.42857142857,9284.42857142857,9907.433333333332,466.6025636245787,776.492319980311,8294.0,9634.0,8294.0,11095.0,-4.0,-0.048204386599182136,-182,0.7511961722488039,0.04087292018326501,8503,-0.8660254037844384,-0.5000000000000004,0.43388373911755823,-0.900968867902419
2023-08-02,84,171,157,8261,271,2023,8,3,31,2,2,Wednesday,August,0,0,8294.0,9634.0,9873.0,11095.0,8553.285714285714,9169.285714285714,9812.966666666667,286.67619031811887,799.0938611017322,8261.0,8914.0,8261.0,10892.0,-33.0,-0.3978779840848823,-114,0.9181286549707602,0.03280474518823387,8432,-0.8660254037844384,-0.5000000000000004,0.9749279121818236,-0.22252093395631434
2023-08-01,87,246,173,8103,168,2023,8,3,31,1,1,Tuesday,August,1,0,8261.0,8914.0,10026.0,10892.0,8437.42857142857,9031.92857142857,9720.0,280.41092295835284,830.8360558642345,8103.0,8888.0,8103.0,10837.0,-158.0,-1.9126013799782071,5,0.7032520325203252,0.02073306182895224,8349,-0.8660254037844384,-0.5000000000000004,0.7818314824680298,0.6234898018587336
2023-07-31,136,276,178,7800,220,2023,7,3,31,31,0,Monday,July,0,1,8103.0,8888.0,10071.0,10799.0,8282.0,8869.714285714286,9620.033333333333,290.3951331090092,875.7406120194088,7800.0,8725.0,7800.0,10837.0,-303.0,-3.739355794150312,-42,0.644927536231884,0.028205128205128206,8076,-0.4999999999999998,-0.8660254037844388,0.0,1.0
2023-07-30,166,277,229,7671,305,2023,7,3,30,30,6,Sunday,July,0,0,7800.0,8725.0,9921.0,10837.0,8131.428571428572,8709.0,9514.5,295.61960757198466,913.9593950838118,7671.0,8493.0,7671.0,10678.0,-129.0,-1.6538461538461502,-76,0.8267148014440433,0.03976013557554426,7948,-0.4999999999999998,-0.8660254037844388,-0.7818314824680299,0.6234898018587334
2023-07-27,110,272,193,7754,259,2023,7,3,30,27,3,Thursday,July,0,0,7671.0,8493.0,9668.0,10678.0,8025.857142857143,8572.285714285714,9417.033333333333,276.2990098737269,941.1102571387968,7671.0,8298.0,7671.0,10649.0,83.0,1.0819971320557897,-66,0.7095588235294118,0.03340211503740005,8026,-0.4999999999999998,-0.8660254037844388,0.43388373911755823,-0.900968867902419
2023-07-26,202,313,158,7647,215,2023,7,3,30,26,2,Wednesday,July,0,0,7754.0,8298.0,9483.0,10649.0,7932.857142857143,8441.142857142857,9316.966666666667,278.97874983087746,964.8984753931315,7647.0,8294.0,7647.0,10492.0,-107.0,-1.379932937838535,-57,0.5047923322683706,0.028115600889237608,7960,-0.4999999999999998,-0.8660254037844388,0.9749279121818236,-0.22252093395631434
2023-07-25,134,294,186,7510,136,2023,7,3,30,25,1,Tuesday,July,0,0,7647.0,8294.0,9694.0,10492.0,7820.857142857143,8285.142857142857,9217.566666666668,266.94283318817463,992.8686645560774,7510.0,8261.0,7510.0,10419.0,-137.0,-1.7915522427095598,50,0.6326530612244898,0.018109187749667112,7804,-0.4999999999999998,-0.8660254037844388,0.7818314824680298,0.6234898018587336
2023-07-24,180,280,146,7220,187,2023,7,3,30,24,0,Monday,July,0,0,7510.0,8261.0,9634.0,10282.0,7672.142857142857,8112.714285714285,9115.5,270.8144682075268,1036.1164809368022,7220.0,8103.0,7220.0,10419.0,-290.0,-3.8615179760319585,-41,0.5214285714285715,0.025900277008310248,7500,-0.4999999999999998,-0.8660254037844388,0.0,1.0
2023-07-23,108,220,213,7052,276,2023,7,3,29,23,6,Sunday,July,0,0,7220.0,8103.0,8914.0,10419.0,7522.0,7979.714285714285,9003.266666666666,283.19074843653556,1071.7953656118427,7052.0,7800.0,7052.0,10356.0,-168.0,-2.3268698060941784,-63,0.9681818181818181,0.039137833238797506,7272,-0.4999999999999998,-0.8660254037844388,-0.7818314824680299,0.6234898018587334
2023-07-20,147,276,214,7116,281,2023,7,3,29,20,3,Thursday,July,0,0,7052.0,7800.0,8888.0,10356.0,7424.285714285715,7853.142857142857,8895.266666666666,289.22235637760434,1093.8004272775454,7052.0,7754.0,7052.0,10280.0,64.0,0.9075439591605283,-67,0.7753623188405797,0.0394884766722878,7392,-0.4999999999999998,-0.8660254037844388,0.43388373911755823,-0.900968867902419
2023-07-19,104,230,206,7001,226,2023,7,3,29,19,2,Wednesday,July,0,0,7116.0,7671.0,8725.0,10142.0,7328.571428571428,7730.0,8790.566666666668,304.43163279734756,1120.3543369085435,7001.0,7754.0,7001.0,10280.0,-115.0,-1.6160764474423828,-20,0.8956521739130435,0.03228110269961434,7231,-0.4999999999999998,-0.8660254037844388,0.9749279121818236,-0.22252093395631434
2023-07-18,174,285,150,6874,181,2023,7,3,29,18,1,Tuesday,July,0,0,7001.0,7754.0,8493.0,9988.0,7202.857142857143,7614.357142857143,8686.766666666666,280.2049420046802,1149.4641835199998,6874.0,7647.0,6874.0,10280.0,-127.0,-1.814026567633198,-31,0.5263157894736842,0.026331102705848125,7159,-0.4999999999999998,-0.8660254037844388,0.7818314824680298,0.6234898018587336
2023-07-17,113,208,159,6632,160,2023,7,3,29,17,0,Monday,July,0,0,6874.0,7647.0,8298.0,10140.0,7057.857142857143,7495.357142857143,8569.833333333334,274.62970740709915,1174.6862554956842,6632.0,7510.0,6632.0,10280.0,-242.0,-3.5205120744835616,-1,0.7644230769230769,0.024125452352231604,6840,-0.4999999999999998,-0.8660254037844388,0.0,1.0
2023-07-16,88,214,160,6468,218,2023,7,3,28,16,6,Sunday,July,0,0,6632.0,7510.0,8294.0,10280.0,6909.0,7364.928571428572,8442.766666666666,271.08362793308265,1189.3985928373952,6468.0,7220.0,6468.0,10180.0,-164.0,-2.4728588661037443,-58,0.7476635514018691,0.03370439084724799,6682,-0.4999999999999998,-0.8660254037844388,-0.7818314824680299,0.6234898018587334
2023-07-13,130,227,192,6604,226,2023,7,3,28,13,3,Thursday,July,0,0,6468.0,7220.0,8261.0,10180.0,6821.0,7246.571428571428,8323.566666666668,252.65721178445102,1188.4824482864503,6468.0,7116.0,6468.0,10071.0,136.0,2.1026592455163806,-34,0.8458149779735683,0.03422168382798304,6831,-0.4999999999999998,-0.8660254037844388,0.43388373911755823,-0.900968867902419
2023-07-12,84,158,193,6521,210,2023,7,3,28,12,2,Wednesday,July,0,0,6604.0,7052.0,8103.0,10012.0,6745.142857142857,7133.571428571428,8207.2,251.45339433746702,1188.3693376886324,6468.0,7116.0,6468.0,10071.0,-83.0,-1.2568140520896387,-17,1.2215189873417722,0.032203649746971326,6679,-0.4999999999999998,-0.8660254037844388,0.9749279121818236,-0.22252093395631434
2023-07-11,115,216,169,6498,143,2023,7,3,28,11,1,Tuesday,July,0,0,6521.0,7116.0,7800.0,9873.0,6656.857142857143,7040.571428571428,8094.7,203.45222909526262,1184.9809586713584,6468.0,7001.0,6468.0,10071.0,-23.0,-0.3527066400858758,26,0.7824074074074074,0.02200677131425054,6714,-0.4999999999999998,-0.8660254037844388,0.7818314824680298,0.6234898018587336
2023-07-10,167,239,166,6346,163,2023,7,3,28,10,0,Monday,July,0,0,6498.0,7001.0,7671.0,10026.0,6563.285714285715,6945.928571428572,7972.033333333334,165.9645687948403,1168.521538123012,6346.0,6874.0,6346.0,10071.0,-152.0,-2.3391812865497075,3,0.694560669456067,0.025685471162937283,6585,-0.4999999999999998,-0.8660254037844388,0.0,1.0
2023-07-09,99,190,176,6214,196,2023,7,3,27,9,6,Sunday,July,0,0,6346.0,6874.0,7754.0,10071.0,6469.0,6835.928571428572,7843.466666666666,146.34092615083205,1141.4898532432824,6214.0,6632.0,6214.0,9921.0,-132.0,-2.0800504254648633,-20,0.9263157894736842,0.03154168007724493,6404,-0.4999999999999998,-0.8660254037844388,-0.7818314824680299,0.6234898018587334
2023-07-06,101,162,178,6239,205,2023,7,3,27,6,3,Thursday,July,0,0,6214.0,6632.0,7647.0,9921.0,6412.857142857143,6735.357142857143,7720.733333333334,148.750830329866,1107.8596616381321,6214.0,6604.0,6214.0,9694.0,25.0,0.4023173479240416,-27,1.0987654320987654,0.03285782978041353,6401,-0.4999999999999998,-0.8660254037844388,0.43388373911755823,-0.900968867902419
2023-07-05,107,215,230,6193,167,2023,7,3,27,5,2,Wednesday,July,0,0,6239.0,6468.0,7510.0,9668.0,6373.571428571428,6641.285714285715,7604.9,166.95993246175286,1078.5181196821209,6193.0,6604.0,6193.0,9694.0,-46.0,-0.7372976438531853,63,1.069767441860465,0.02696592927498789,6408,-0.4999999999999998,-0.8660254037844388,0.9749279121818236,-0.22252093395631434
2023-07-04,184,314,217,6127,124,2023,7,3,27,4,1,Tuesday,July,0,0,6193.0,6604.0,7220.0,9483.0,6305.428571428572,6563.214285714285,7493.033333333334,154.08315627488705,1050.686851978,6127.0,6521.0,6127.0,9694.0,-66.0,-1.0657193605683846,93,0.6910828025477707,0.020238289538110004,6441,-0.4999999999999998,-0.8660254037844388,0.7818314824680298,0.6234898018587336
2023-07-02,209,285,184,5903,309,2023,7,3,26,2,6,Sunday,July,0,0,6127.0,6521.0,7052.0,9694.0,6217.142857142857,6481.142857142857,7366.666666666667,184.10452517655827,1003.7728597759993,5903.0,6498.0,5903.0,9634.0,-224.0,-3.6559490778521275,-125,0.6456140350877193,0.05234626461121464,6188,-0.4999999999999998,-0.8660254037844388,-0.7818314824680299,0.6234898018587334
2023-06-29,81,213,153,6058,213,2023,6,2,26,29,3,Thursday,June,0,0,5903.0,6498.0,7116.0,9634.0,6154.285714285715,6405.571428571428,7247.466666666666,142.6858020100322,935.2260922782581,5903.0,6346.0,5903.0,8914.0,155.0,2.6257834999152907,-60,0.7183098591549296,0.035160118851105975,6271,1.2246467991473532e-16,-1.0,0.43388373911755823,-0.900968867902419
2023-06-28,91,199,172,5999,174,2023,6,2,26,28,2,Wednesday,June,0,0,6058.0,6346.0,7001.0,8914.0,6104.714285714285,6334.0,7150.3,124.03858846575949,907.1152133796058,5903.0,6239.0,5903.0,8888.0,-59.0,-0.9739187850775877,-2,0.864321608040201,0.02900483413902317,6198,1.2246467991473532e-16,-1.0,0.9749279121818236,-0.22252093395631434
2023-06-27,154,225,220,5917,155,2023,6,2,26,27,1,Tuesday,June,0,0,5999.0,6214.0,6874.0,8888.0,6062.285714285715,6265.642857142857,7051.266666666666,131.02507938779056,872.3745214912154,5903.0,6239.0,5903.0,8725.0,-82.0,-1.3668944824137386,65,0.9777777777777777,0.026195707284096672,6142,1.2246467991473532e-16,-1.0,0.7818314824680298,0.6234898018587336
2023-06-26,186,259,172,5819,174,2023,6,2,26,26,0,Monday,June,0,0,5917.0,6239.0,6632.0,8725.0,6002.285714285715,6207.571428571428,6954.4,132.76886468059865,840.887978926652,5819.0,6193.0,5819.0,8493.0,-98.0,-1.6562447186074025,-2,0.6640926640926641,0.02990204502491837,6078,1.2246467991473532e-16,-1.0,0.0,1.0
2023-06-25,92,203,173,5766,263,2023,6,2,25,25,6,Sunday,June,0,0,5819.0,6193.0,6468.0,8493.0,5941.285714285715,6157.428571428572,6863.5,128.5673808886739,815.8516916440893,5766.0,6127.0,5766.0,8298.0,-53.0,-0.9108094174256731,-90,0.8522167487684729,0.0456122095039889,5969,1.2246467991473532e-16,-1.0,-0.7818314824680299,0.6234898018587334
2023-06-22,124,234,161,5956,207,2023,6,2,25,22,3,Thursday,June,0,0,5766.0,6127.0,6604.0,8298.0,5916.857142857143,6111.142857142857,6785.433333333333,100.60389086483724,785.3340902655602,5766.0,6058.0,5766.0,8294.0,190.0,3.295178633368012,-46,0.688034188034188,0.03475486903962391,6190,1.2246467991473532e-16,-1.0,0.43388373911755823,-0.900968867902419
2023-06-21,93,196,169,5922,149,2023,6,2,25,21,2,Wednesday,June,0,0,5956.0,5903.0,6521.0,8294.0,5919.571428571428,6068.357142857143,6706.366666666667,100.42386360299865,746.6693162411284,5766.0,6058.0,5766.0,8261.0,-34.0,-0.5708529214237701,20,0.8622448979591837,0.025160418777440054,6118,1.2246467991473532e-16,-1.0,0.9749279121818236,-0.22252093395631434
2023-06-20,33,53,34,5904,134,2023,6,2,25,20,1,Tuesday,June,0,0,5922.0,6058.0,6498.0,8261.0,5897.571428571428,6025.928571428572,6627.8,79.7931850533184,699.9916945319392,5766.0,5999.0,5766.0,8103.0,-18.0,-0.3039513677811523,-100,0.6415094339622641,0.022696476964769646,5957,1.2246467991473532e-16,-1.0,0.7818314824680298,0.6234898018587336
2023-06-19,29,51,11,5679,142,2023,6,2,25,19,0,Monday,June,0,0,5904.0,5999.0,6346.0,8103.0,5851.857142857143,5978.285714285715,6547.0,100.87852194831022,662.7479366894398,5679.0,5956.0,5679.0,7800.0,-225.0,-3.8109756097560954,-131,0.21568627450980393,0.02500440218348301,5730,1.2246467991473532e-16,-1.0,0.0,1.0
2023-06-15,91,75,97,6038,272,2023,6,2,24,15,3,Thursday,June,0,0,5679.0,5917.0,6214.0,7800.0,5869.142857142857,5965.714285714285,6488.266666666666,122.04702450480386,624.8694723469594,5679.0,6038.0,5679.0,7754.0,359.0,6.321535481598883,-175,1.2933333333333332,0.045048029148724744,6113,1.2246467991473532e-16,-1.0,0.43388373911755823,-0.900968867902419
2023-06-14,62,97,52,6065,167,2023,6,2,24,14,2,Wednesday,June,0,0,6038.0,5819.0,6239.0,7671.0,5904.285714285715,5953.285714285715,6434.733333333334,139.38760619906554,587.7401450988548,5679.0,6065.0,5679.0,7754.0,27.0,0.4471679364027814,-115,0.5360824742268041,0.027535037098103874,6162,1.2246467991473532e-16,-1.0,0.9749279121818236,-0.22252093395631434
2023-06-13,59,64,117,6061,146,2023,6,2,24,13,1,Tuesday,June,0,0,6065.0,5766.0,6193.0,7754.0,5946.428571428572,5943.857142857143,6378.3,135.1404912709532,535.671872672364,5679.0,6065.0,5679.0,7647.0,-4.0,-0.06595218466611819,-29,1.828125,0.024088434251773636,6125,1.2246467991473532e-16,-1.0,0.7818314824680298,0.6234898018587336
2023-06-12,84,118,136,6021,177,2023,6,2,24,12,0,Monday,June,0,0,6061.0,5956.0,6127.0,7647.0,5955.714285714285,5936.285714285715,6324.1,138.10830808429745,482.497836335946,5679.0,6065.0,5679.0,7510.0,-40.0,-0.6599571027883222,-41,1.152542372881356,0.029397110114598904,6139,1.2246467991473532e-16,-1.0,0.0,1.0
2023-06-11,86,152,168,6007,238,2023,6,2,23,11,6,Sunday,June,0,0,6021.0,5922.0,5903.0,7510.0,5967.857142857143,5943.714285714285,6274.0,138.3864499284967,430.32521783338734,5679.0,6065.0,5679.0,7220.0,-14.0,-0.23251951503072688,-70,1.105263157894737,0.039620442816713834,6159,1.2246467991473532e-16,-1.0,-0.7818314824680299,0.6234898018587334
2023-06-08,106,196,131,6446,255,2023,6,2,23,8,3,Thursday,June,0,0,6007.0,5904.0,6058.0,7220.0,6045.285714285715,5971.428571428572,6248.2,222.66620330719925,393.25839535494407,5679.0,6446.0,5679.0,7116.0,439.0,7.308140502746796,-124,0.6683673469387755,0.0395594166925225,6642,1.2246467991473532e-16,-1.0,0.43388373911755823,-0.900968867902419
2023-06-07,113,162,107,6483,208,2023,6,2,23,7,2,Wednesday,June,0,0,6446.0,5679.0,5999.0,7052.0,6160.142857142857,6006.0,6229.233333333334,209.19084474187062,365.92619223119806,6007.0,6483.0,5679.0,7116.0,37.0,0.5739993794601217,-101,0.6604938271604939,0.032083911769242635,6645,1.2246467991473532e-16,-1.0,0.9749279121818236,-0.22252093395631434
2023-06-06,92,124,93,6508,187,2023,6,2,23,6,1,Tuesday,June,0,0,6483.0,6038.0,5917.0,7116.0,6227.285714285715,6048.214285714285,6208.966666666666,237.027926825612,330.21366994114004,6007.0,6508.0,5679.0,7001.0,25.0,0.3856239395341632,-94,0.75,0.028733866011063307,6632,1.2246467991473532e-16,-1.0,0.7818314824680298,0.6234898018587336
2023-06-05,68,107,102,6523,189,2023,6,2,23,5,0,Monday,June,0,0,6508.0,6065.0,5819.0,7001.0,6292.714285714285,6098.5,6193.033333333334,247.7355540933032,300.91097129148085,6007.0,6523.0,5679.0,6874.0,15.0,0.23048555623848,-87,0.9532710280373832,0.02897439828299862,6630,1.2246467991473532e-16,-1.0,0.0,1.0
2023-06-04,74,103,80,6555,292,2023,6,2,22,4,6,Sunday,June,0,0,6523.0,6061.0,5766.0,6874.0,6363.285714285715,6154.857142857143,6182.4,240.99703614066362,280.99498093426706,6007.0,6555.0,5679.0,6632.0,32.0,0.4905718227809386,-212,0.7766990291262136,0.04454614797864226,6658,1.2246467991473532e-16,-1.0,-0.7818314824680299,0.6234898018587334
2023-06-01,56,82,68,7002,287,2023,6,2,22,1,3,Thursday,June,1,0,6555.0,6021.0,5956.0,6632.0,6503.428571428572,6229.571428571428,6194.733333333334,289.1924717455523,308.2110711310033,6007.0,7002.0,5679.0,7002.0,447.0,6.819221967963385,-219,0.8292682926829268,0.040988289060268496,7084,1.2246467991473532e-16,-1.0,0.43388373911755823,-0.900968867902419
2023-05-31,38,80,82,7053,210,2023,5,2,22,31,2,Wednesday,May,0,1,7002.0,6007.0,5922.0,6468.0,6652.857142857143,6310.357142857143,6214.233333333334,258.5468549228481,342.6754454574247,6446.0,7053.0,5679.0,7053.0,51.0,0.7283633247643584,-128,1.025,0.029774564015312633,7133,0.49999999999999994,-0.8660254037844387,0.9749279121818236,-0.22252093395631434
2023-05-30,65,83,65,7046,168,2023,5,2,22,30,1,Tuesday,May,0,0,7053.0,6446.0,5904.0,6604.0,6738.571428571428,6391.928571428572,6228.966666666666,277.31501771025887,368.53732168013664,6483.0,7053.0,5679.0,7053.0,-7.0,-0.09924854671771177,-103,0.7831325301204819,0.023843315356230486,7129,0.49999999999999994,-0.8660254037844387,0.7818314824680298,0.6234898018587336
2023-05-29,41,60,71,6996,207,2023,5,2,22,29,0,Monday,May,0,0,7046.0,6483.0,5679.0,6521.0,6811.857142857143,6486.0,6244.8,266.07607218707216,391.03350240088656,6508.0,7053.0,5679.0,7053.0,-50.0,-0.7096224808401885,-136,1.1833333333333333,0.029588336192109776,7056,0.49999999999999994,-0.8660254037844387,0.0,1.0
2023-05-25,43,73,64,7546,408,2023,5,2,21,25,3,Thursday,May,0,0,6996.0,6508.0,6038.0,6498.0,6960.142857142857,6593.714285714285,6279.733333333334,345.8069926859538,455.8701367814078,6523.0,7546.0,5679.0,7546.0,550.0,7.8616352201257955,-344,0.8767123287671232,0.05406838059899284,7619,0.49999999999999994,-0.8660254037844387,0.43388373911755823,-0.900968867902419
2023-05-24,35,70,53,7709,276,2023,5,2,21,24,2,Wednesday,May,0,0,7546.0,6523.0,6065.0,6346.0,7129.571428571428,6711.142857142857,6325.166666666667,384.3274893208263,525.3306402724853,6555.0,7709.0,5679.0,7709.0,163.0,2.160084813146046,-223,0.7571428571428571,0.0358023089894928,7779,0.49999999999999994,-0.8660254037844387,0.9749279121818236,-0.22252093395631434
2023-05-23,25,66,94,7788,246,2023,5,2,21,23,1,Tuesday,May,0,0,7709.0,6555.0,6061.0,6214.0,7305.714285714285,6834.5,6377.633333333333,358.80761525076247,588.6318727431426,6996.0,7788.0,5679.0,7788.0,79.0,1.024776235568825,-152,1.4242424242424243,0.031587057010785825,7854,0.49999999999999994,-0.8660254037844387,0.7818314824680298,0.6234898018587336
2023-05-22,99,156,139,7848,240,2023,5,2,21,22,0,Monday,May,0,0,7788.0,7002.0,6021.0,6239.0,7426.571428571428,6965.0,6431.266666666666,381.23564766120177,646.0650086502152,6996.0,7848.0,5679.0,7848.0,60.0,0.7704160246533087,-101,0.8910256410256411,0.03058103975535168,8004,0.49999999999999994,-0.8660254037844387,0.0,1.0
2023-05-21,107,170,133,7826,343,2023,5,2,20,21,6,Sunday,May,0,0,7848.0,7053.0,6007.0,6193.0,7537.0,7094.928571428572,6485.7,366.6674242416952,692.4275214155607,6996.0,7848.0,5679.0,7848.0,-22.0,-0.28032619775738565,-210,0.7823529411764706,0.04382826475849732,7996,0.49999999999999994,-0.8660254037844387,-0.7818314824680299,0.6234898018587334
2023-05-18,80,122,152,8474,351,2023,5,2,20,18,3,Thursday,May,0,0,7826.0,7046.0,6446.0,6127.0,7741.0,7239.785714285715,6563.933333333333,438.2248281419522,777.8236185724236,6996.0,8474.0,5679.0,8474.0,648.0,8.280092001022243,-199,1.2459016393442623,0.041420816615529855,8596,0.49999999999999994,-0.8660254037844387,0.43388373911755823,-0.900968867902419
2023-05-17,57,162,193,8569,307,2023,5,2,20,17,2,Wednesday,May,0,0,8474.0,6996.0,6483.0,5903.0,7965.714285714285,7388.785714285715,6652.8,393.558430344576,848.7682515430757,7546.0,8569.0,5679.0,8569.0,95.0,1.1210762331838486,-114,1.191358024691358,0.03582681759831952,8731,0.49999999999999994,-0.8660254037844387,0.9749279121818236,-0.22252093395631434
2023-05-16,161,304,211,8572,272,2023,5,2,20,16,1,Tuesday,May,0,0,8569.0,7546.0,6508.0,6058.0,8112.285714285715,7536.214285714285,6736.6,402.15449530657963,909.9201783862068,7709.0,8572.0,5679.0,8572.0,3.0,0.03500991947718024,-61,0.694078947368421,0.03173121791880541,8876,0.49999999999999994,-0.8660254037844387,0.7818314824680298,0.6234898018587336
2023-05-15,205,294,177,8571,277,2023,5,2,20,15,0,Monday,May,0,0,8572.0,7709.0,6523.0,5999.0,8235.42857142857,7682.5,6822.333333333333,389.8717127222836,957.9279122446401,7788.0,8572.0,5679.0,8572.0,-1.0,-0.011665888940737279,-100,0.6020408163265306,0.03231828258079571,8865,0.49999999999999994,-0.8660254037844387,0.0,1.0
2023-05-14,100,255,236,8445,288,2023,5,2,19,14,6,Sunday,May,0,0,8571.0,7788.0,6555.0,5917.0,8329.285714285714,7817.5,6906.6,340.11356646757656,986.3122398524021,7826.0,8572.0,5679.0,8572.0,-126.0,-1.4700735036751844,-52,0.9254901960784314,0.03410301953818828,8700,0.49999999999999994,-0.8660254037844387,-0.7818314824680299,0.6234898018587334
2023-05-11,269,412,204,8672,392,2023,5,2,19,11,3,Thursday,May,0,0,8445.0,7848.0,7002.0,5819.0,8447.0,7936.785714285715,7001.7,283.691146613224,1014.95687525165,7826.0,8672.0,5679.0,8672.0,227.0,2.6879810538780413,-188,0.49514563106796117,0.045202952029520294,9084,0.49999999999999994,-0.8660254037844387,0.43388373911755823,-0.900968867902419
2023-05-10,168,285,210,8681,304,2023,5,2,19,10,2,Wednesday,May,0,0,8672.0,7826.0,7053.0,5766.0,8569.142857142857,8053.071428571428,7098.866666666667,89.03824753369345,1031.9689828716264,8445.0,8681.0,5679.0,8681.0,9.0,0.10378228782288446,-94,0.7368421052631579,0.03501900702684022,8966,0.49999999999999994,-0.8660254037844387,0.9749279121818236,-0.22252093395631434
2023-05-09,187,310,247,8606,250,2023,5,2,19,9,1,Tuesday,May,0,0,8681.0,8474.0,7046.0,5956.0,8588.0,8164.5,7187.2,78.93457206274587,1044.1142558696574,8445.0,8681.0,5679.0,8681.0,-75.0,-0.8639557654648078,-3,0.7967741935483871,0.029049500348594003,8916,0.49999999999999994,-0.8660254037844387,0.7818314824680298,0.6234898018587336
2023-05-08,133,287,189,8590,261,2023,5,2,19,8,0,Monday,May,0,0,8606.0,8569.0,6996.0,5922.0,8591.0,8278.357142857143,7276.133333333333,78.4899144268159,1046.2561410302842,8445.0,8681.0,5679.0,8681.0,-16.0,-0.18591680223100093,-72,0.6585365853658537,0.03038416763678696,8877,0.49999999999999994,-0.8660254037844387,0.0,1.0
2023-05-07,180,337,219,8485,375,2023,5,2,18,7,6,Sunday,May,0,0,8590.0,8572.0,7546.0,5904.0,8578.57142857143,8345.42857142857,7362.166666666667,88.27770036093123,1035.5984804177638,8445.0,8681.0,5679.0,8681.0,-105.0,-1.2223515715948818,-156,0.6498516320474778,0.04419563936358279,8822,0.49999999999999994,-0.8660254037844387,-0.7818314824680299,0.6234898018587334
2023-05-04,153,253,286,8790,332,2023,5,2,18,4,3,Thursday,May,0,0,8485.0,8571.0,7709.0,5679.0,8609.857142857143,8422.642857142857,7465.866666666667,118.70892773448905,1016.8326323927424,8445.0,8790.0,6007.0,8790.0,305.0,3.5945786682380687,-46,1.1304347826086956,0.03777019340159272,9043,0.49999999999999994,-0.8660254037844387,0.43388373911755823,-0.900968867902419
2023-05-03,209,353,232,8704,267,2023,5,2,18,3,2,Wednesday,May,0,0,8790.0,8445.0,7788.0,6038.0,8646.857142857143,8488.07142857143,7554.733333333334,97.17068929057899,1004.1596566741055,8485.0,8790.0,6007.0,8790.0,-86.0,-0.9783845278725778,-35,0.6572237960339944,0.030675551470588234,9057,0.49999999999999994,-0.8660254037844387,0.9749279121818236,-0.22252093395631434
2023-05-02,167,326,213,8654,245,2023,5,2,18,2,1,Tuesday,May,0,0,8704.0,8672.0,7848.0,6065.0,8644.285714285714,8545.642857142857,7641.033333333334,96.63111004554774,982.7374323385894,8485.0,8790.0,6007.0,8790.0,-50.0,-0.574448529411764,-32,0.6533742331288344,0.028310607811416685,8980,0.49999999999999994,-0.8660254037844387,0.7818314824680298,0.6234898018587336
2023-05-01,224,315,152,8492,237,2023,5,2,18,1,0,Monday,May,1,0,8654.0,8681.0,7826.0,6061.0,8617.285714285714,8593.214285714286,7722.066666666667,110.12525336467678,947.5569288086267,8485.0,8790.0,6007.0,8790.0,-162.0,-1.8719667205916335,-85,0.48253968253968255,0.027908619877531796,8807,0.49999999999999994,-0.8660254037844387,0.0,1.0
2023-04-30,132,243,183,8352,293,2023,4,2,17,30,6,Sunday,April,0,1,8492.0,8606.0,8474.0,6021.0,8581.0,8584.5,7799.766666666666,149.3307291441676,897.508608481698,8352.0,8790.0,6007.0,8790.0,-140.0,-1.6486104569006121,-110,0.7530864197530864,0.03508141762452107,8595,0.8660254037844387,-0.49999999999999983,-0.7818314824680299,0.6234898018587334
2023-04-27,218,283,208,8159,310,2023,4,2,17,27,3,Thursday,April,0,0,8352.0,8590.0,8569.0,6007.0,8519.42857142857,8555.214285714286,7871.5,218.04575753958866,832.9589032375259,8159.0,8790.0,6446.0,8790.0,-193.0,-2.3108237547892707,-102,0.734982332155477,0.03799485231033215,8442,0.8660254037844387,-0.49999999999999983,0.43388373911755823,-0.900968867902419
2023-04-26,118,245,160,8117,256,2023,4,2,17,26,2,Wednesday,April,0,0,8159.0,8485.0,8572.0,6446.0,8466.857142857143,8522.714285714286,7927.2,266.6711011537164,789.0618786101413,8117.0,8790.0,6483.0,8790.0,-42.0,-0.5147689667851507,-96,0.6530612244897959,0.03153874584205987,8362,0.8660254037844387,-0.49999999999999983,0.9749279121818236,-0.22252093395631434
2023-04-25,81,230,242,8017,202,2023,4,2,17,25,1,Tuesday,April,0,0,8117.0,8790.0,8571.0,6483.0,8356.42857142857,8483.142857142857,7978.333333333333,270.57645693532845,740.4530921058393,8017.0,8704.0,6508.0,8790.0,-100.0,-1.2319822594554664,40,1.0521739130434782,0.025196457527753523,8247,0.8660254037844387,-0.49999999999999983,0.7818314824680298,0.6234898018587336
2023-04-24,236,330,222,7796,213,2023,4,2,17,24,0,Monday,April,0,0,8017.0,8704.0,8445.0,6508.0,8226.714285714286,8436.785714285714,8021.266666666666,292.90596573295954,687.7228758903485,7796.0,8654.0,6523.0,8790.0,-221.0,-2.7566421354621395,9,0.6727272727272727,0.027321703437660338,8126,0.8660254037844387,-0.49999999999999983,0.0,1.0
2023-04-23,196,306,187,7534,266,2023,4,2,16,23,6,Sunday,April,0,0,7796.0,8654.0,8672.0,6523.0,8066.714285714285,8355.5,8054.966666666666,324.7674625973992,634.482546882697,7534.0,8492.0,6555.0,8790.0,-262.0,-3.360697793740375,-79,0.6111111111111112,0.03530661003451022,7840,0.8660254037844387,-0.49999999999999983,-0.7818314824680299,0.6234898018587334
2023-04-20,113,280,237,7490,320,2023,4,2,16,20,3,Thursday,April,0,0,7534.0,8492.0,8681.0,6555.0,7923.571428571428,8270.42857142857,8086.133333333333,326.89083659176396,578.7805690642524,7490.0,8352.0,6996.0,8790.0,-44.0,-0.5840191133527961,-83,0.8464285714285714,0.042723631508678236,7770,0.8660254037844387,-0.49999999999999983,0.43388373911755823,-0.900968867902419
2023-04-19,239,367,224,7356,229,2023,4,2,16,19,2,Wednesday,April,0,0,7490.0,8352.0,8606.0,7002.0,7781.285714285715,8181.142857142857,8097.933333333333,326.0918655255678,559.1925788400523,7356.0,8159.0,6996.0,8790.0,-134.0,-1.7890520694259004,-5,0.6103542234332425,0.0311310494834149,7723,0.8660254037844387,-0.49999999999999983,0.9749279121818236,-0.22252093395631434
2023-04-18,152,272,214,7376,234,2023,4,2,16,18,1,Tuesday,April,0,0,7356.0,8159.0,8590.0,7053.0,7669.428571428572,8094.428571428572,8108.7,308.7662854776346,541.1997623415256,7356.0,8117.0,6996.0,8790.0,20.0,0.2718868950516651,-20,0.7867647058823529,0.03172451193058568,7648,0.8660254037844387,-0.49999999999999983,0.7818314824680298,0.6234898018587336
2023-04-17,170,297,196,7344,248,2023,4,2,16,17,0,Monday,April,0,0,7376.0,8117.0,8485.0,7046.0,7559.0,8012.928571428572,8118.633333333333,255.68274612632882,523.466330197538,7344.0,8017.0,6996.0,8790.0,-32.0,-0.4338394793926281,-52,0.6599326599326599,0.03376906318082789,7641,0.8660254037844387,-0.49999999999999983,0.0,1.0
2023-04-16,191,283,192,7380,272,2023,4,2,15,16,6,Sunday,April,0,0,7344.0,8017.0,8790.0,6996.0,7468.0,7912.214285714285,8131.433333333333,161.53018293814807,499.2011330759086,7344.0,7796.0,7344.0,8790.0,36.0,0.4901960784313708,-80,0.6784452296819788,0.03685636856368564,7663,0.8660254037844387,-0.49999999999999983,-0.7818314824680299,0.6234898018587334
2023-04-13,109,214,173,7795,370,2023,4,2,15,13,3,Thursday,April,0,0,7380.0,7796.0,8704.0,7546.0,7467.857142857143,7847.285714285715,8139.733333333334,161.19184074834894,491.13660810002256,7344.0,7795.0,7344.0,8790.0,415.0,5.623306233062331,-197,0.8084112149532711,0.04746632456703015,8009,0.8660254037844387,-0.49999999999999983,0.43388373911755823,-0.900968867902419
2023-04-12,155,212,181,7876,283,2023,4,2,15,12,2,Wednesday,April,0,0,7795.0,7534.0,8654.0,7709.0,7516.714285714285,7791.714285714285,8145.3,224.12549630791906,487.0153399834686,7344.0,7876.0,7344.0,8790.0,81.0,1.039127645926885,-102,0.8537735849056604,0.035931945149822245,8088,0.8660254037844387,-0.49999999999999983,0.9749279121818236,-0.22252093395631434
2023-04-11,119,209,152,7922,187,2023,4,2,15,11,1,Tuesday,April,0,0,7876.0,7490.0,8492.0,7788.0,7578.428571428572,7751.0,8149.766666666666,270.2701470399332,484.2318968066444,7344.0,7922.0,7344.0,8790.0,46.0,0.5840528186896954,-35,0.7272727272727273,0.023605150214592276,8131,0.8660254037844387,-0.49999999999999983,0.7818314824680298,0.6234898018587336
2023-04-10,143,203,163,7826,265,2023,4,2,15,10,0,Monday,April,0,0,7922.0,7356.0,8352.0,7848.0,7645.571428571428,7713.428571428572,8149.033333333334,264.1135217685552,484.72107040220277,7344.0,7922.0,7344.0,8790.0,-96.0,-1.2118151981822756,-102,0.8029556650246306,0.03386148734985944,8029,0.8660254037844387,-0.49999999999999983,0.0,1.0
2023-04-09,105,210,149,7900,329,2023,4,2,14,9,6,Sunday,April,0,0,7826.0,7376.0,8159.0,7826.0,7720.428571428572,7694.928571428572,8151.5,248.78897158232573,483.2064419243028,7344.0,7922.0,7344.0,8790.0,74.0,0.9455660618451267,-180,0.7095238095238096,0.04164556962025316,8110,0.8660254037844387,-0.49999999999999983,-0.7818314824680299,0.6234898018587334
2023-04-06,119,219,210,8178,284,2023,4,2,14,6,3,Thursday,April,0,0,7900.0,7344.0,8117.0,8474.0,7839.571428571428,7699.285714285715,8141.633333333333,237.93686637634542,479.4012417324509,7380.0,8178.0,7344.0,8790.0,278.0,3.5189873417721618,-74,0.958904109589041,0.0347273171924676,8397,0.8660254037844387,-0.49999999999999983,0.43388373911755823,-0.900968867902419
2023-04-05,148,245,175,8175,260,2023,4,2,14,5,2,Wednesday,April,0,0,8178.0,7380.0,8017.0,8569.0,7953.142857142857,7710.571428571428,8128.5,158.48283668541345,472.6388684819554,7795.0,8178.0,7344.0,8790.0,-3.0,-0.03668378576668907,-85,0.7142857142857143,0.031804281345565746,8420,0.8660254037844387,-0.49999999999999983,0.9749279121818236,-0.22252093395631434
2023-04-04,142,235,139,8068,259,2023,4,2,14,4,1,Tuesday,April,0,0,8175.0,7795.0,7796.0,8572.0,7992.142857142857,7730.0,8111.7,146.19442370985504,465.2303211572103,7826.0,8178.0,7344.0,8790.0,-107.0,-1.308868501529048,-120,0.5914893617021276,0.03210213187902826,8303,0.8660254037844387,-0.49999999999999983,0.7818314824680298,0.6234898018587336
2023-04-03,118,139,168,8054,284,2023,4,2,14,3,0,Monday,April,0,0,8068.0,7876.0,7534.0,8571.0,8017.571428571428,7767.142857142857,8094.466666666666,137.86933082089092,457.1350614071504,7826.0,8178.0,7344.0,8790.0,-14.0,-0.1735250371839414,-116,1.20863309352518,0.03526198162403774,8193,0.8660254037844387,-0.49999999999999983,0.0,1.0
2023-04-02,125,232,192,7981,304,2023,4,2,13,2,6,Sunday,April,0,0,8054.0,7922.0,7490.0,8445.0,8026.0,7802.214285714285,8079.0,132.7616912618802,452.694081068425,7826.0,8178.0,7344.0,8790.0,-73.0,-0.9063819220263225,-112,0.8275862068965517,0.03809046485402832,8213,0.8660254037844387,-0.49999999999999983,-0.7818314824680299,0.6234898018587334
2023-03-30,156,256,176,8158,359,2023,3,1,13,30,3,Thursday,March,0,0,7981.0,7826.0,7356.0,8672.0,8073.428571428572,7859.5,8061.866666666667,106.01235327860893,438.99616943831313,7900.0,8178.0,7344.0,8790.0,177.0,2.217767197093101,-183,0.6875,0.04400588379504781,8414,1.0,6.123233995736766e-17,0.43388373911755823,-0.900968867902419
2023-03-29,109,245,159,8208,267,2023,3,1,13,29,2,Wednesday,March,0,0,8158.0,7900.0,7376.0,8681.0,8117.428571428572,7918.928571428572,8046.1,83.5780217182517,424.2389819347184,7981.0,8208.0,7344.0,8790.0,50.0,0.6128953174797669,-108,0.6489795918367347,0.03252923976608187,8453,1.0,6.123233995736766e-17,0.9749279121818236,-0.22252093395631434
2023-03-28,167,209,157,8079,223,2023,3,1,13,28,1,Tuesday,March,0,0,8208.0,8178.0,7344.0,8606.0,8103.285714285715,7971.428571428572,8028.533333333334,79.91602735760738,410.9584871502502,7981.0,8208.0,7344.0,8790.0,-129.0,-1.571637426900585,-66,0.7511961722488039,0.02760242604282708,8288,1.0,6.123233995736766e-17,0.7818314824680298,0.6234898018587336
2023-03-27,84,171,157,7994,235,2023,3,1,13,27,0,Monday,March,0,0,8079.0,8175.0,7380.0,8590.0,8077.428571428572,8015.285714285715,8008.666666666667,82.09721299168493,397.05062070496956,7981.0,8208.0,7344.0,8790.0,-85.0,-1.0521104097041767,-78,0.9181286549707602,0.02939704778583938,8165,1.0,6.123233995736766e-17,0.0,1.0
2023-03-26,87,246,173,7847,352,2023,3,1,12,26,6,Sunday,March,0,0,7994.0,8068.0,7795.0,8485.0,8045.857142857143,8019.0,7987.4,120.04919626494119,387.6321220808052,7847.0,8208.0,7344.0,8790.0,-147.0,-1.838879159369522,-179,0.7032520325203252,0.04485790748056582,8093,1.0,6.123233995736766e-17,-0.7818314824680299,0.6234898018587334
2023-03-23,136,276,178,8102,331,2023,3,1,12,23,3,Thursday,March,0,0,7847.0,8054.0,7876.0,8790.0,8052.714285714285,8035.142857142857,7964.466666666666,121.94768589558034,357.7077147550847,7847.0,8208.0,7344.0,8704.0,255.0,3.2496495475978104,-153,0.644927536231884,0.040854110096272524,8378,1.0,6.123233995736766e-17,0.43388373911755823,-0.900968867902419
2023-03-22,166,277,229,8097,246,2023,3,1,12,22,2,Wednesday,March,0,0,8102.0,7981.0,7922.0,8704.0,8069.285714285715,8047.642857142857,7944.233333333334,118.40849390403079,330.5723024186078,7847.0,8208.0,7344.0,8654.0,-5.0,-0.061713157245124606,-17,0.8267148014440433,0.030381622823267878,8374,1.0,6.123233995736766e-17,0.9749279121818236,-0.22252093395631434
2023-03-21,110,272,193,8050,221,2023,3,1,12,21,1,Tuesday,March,0,0,8097.0,8158.0,7826.0,8654.0,8053.857142857143,8063.642857142857,7924.1,111.77272859330182,303.1058026269203,7847.0,8208.0,7344.0,8492.0,-47.0,-0.5804618994689426,-28,0.7095588235294118,0.02745341614906832,8322,1.0,6.123233995736766e-17,0.7818314824680298,0.6234898018587336
2023-03-20,202,313,158,7931,279,2023,3,1,12,20,0,Monday,March,0,0,8050.0,8208.0,7900.0,8492.0,8014.285714285715,8065.857142857143,7905.4,96.03074904400546,283.5347816647823,7847.0,8102.0,7344.0,8352.0,-119.0,-1.4782608695652177,-121,0.5047923322683706,0.03517841381919052,8244,1.0,6.123233995736766e-17,0.0,1.0
2023-03-19,134,294,186,7885,306,2023,3,1,11,19,6,Sunday,March,0,0,7931.0,8079.0,8178.0,8352.0,7986.571428571428,8044.928571428572,7889.833333333333,102.04714130080413,270.69910555269496,7847.0,8102.0,7344.0,8208.0,-46.0,-0.5800025217500893,-120,0.6326530612244898,0.03880786303107166,8179,1.0,6.123233995736766e-17,-0.7818314824680299,0.6234898018587334
2023-03-16,180,280,146,7989,308,2023,3,1,11,16,3,Thursday,March,0,0,7885.0,7994.0,8175.0,8159.0,7985.857142857143,8031.642857142857,7884.166666666667,102.00396817701132,266.6188139534149,7847.0,8102.0,7344.0,8208.0,104.0,1.3189600507292232,-162,0.5214285714285715,0.03855301038928527,8269,1.0,6.123233995736766e-17,0.43388373911755823,-0.900968867902419
2023-03-15,108,220,213,7915,286,2023,3,1,11,15,2,Wednesday,March,0,0,7989.0,7847.0,8068.0,8117.0,7995.571428571428,8020.714285714285,7877.433333333333,88.98287689774844,263.06295081568726,7885.0,8102.0,7344.0,8208.0,-74.0,-0.9262736262360738,-73,0.9681818181818181,0.0361339229311434,8135,1.0,6.123233995736766e-17,0.9749279121818236,-0.22252093395631434
2023-03-14,147,276,214,7810,181,2023,3,1,11,14,1,Tuesday,March,0,0,7915.0,8102.0,8054.0,8017.0,7953.857142857143,8003.285714285715,7870.533333333334,98.68878452246999,261.98851426941997,7810.0,8097.0,7344.0,8208.0,-105.0,-1.3265950726468745,33,0.7753623188405797,0.023175416133162614,8086,1.0,6.123233995736766e-17,0.7818314824680298,0.6234898018587336
2023-03-13,104,230,206,7567,249,2023,3,1,11,13,0,Monday,March,0,0,7810.0,8097.0,7981.0,7796.0,7878.142857142857,7973.714285714285,7862.9,156.77843024638443,267.5128549922593,7567.0,8050.0,7344.0,8208.0,-243.0,-3.111395646606918,-43,0.8956521739130435,0.032906039381525046,7797,1.0,6.123233995736766e-17,0.0,1.0
2023-03-09,174,285,150,7786,340,2023,3,1,10,9,3,Thursday,March,0,0,7567.0,8050.0,8158.0,7534.0,7840.428571428572,7947.142857142857,7871.3,139.32917514886176,260.69881552031603,7567.0,7989.0,7344.0,8208.0,219.0,2.8941456323509973,-190,0.5263157894736842,0.043668122270742356,8071,1.0,6.123233995736766e-17,0.43388373911755823,-0.900968867902419
2023-03-08,113,208,159,7885,291,2023,3,1,10,8,2,Wednesday,March,0,0,7786.0,7931.0,8208.0,7490.0,7833.857142857143,7924.071428571428,7884.466666666666,135.3740848803264,250.55452064569627,7567.0,7989.0,7344.0,8208.0,99.0,1.271512972001032,-132,0.7644230769230769,0.03690551680405834,8093,1.0,6.123233995736766e-17,0.9749279121818236,-0.22252093395631434
2023-03-07,88,214,160,7859,259,2023,3,1,10,7,1,Tuesday,March,0,0,7885.0,7885.0,8079.0,7356.0,7830.142857142857,7908.357142857143,7901.233333333334,134.087569112573,229.95407087622175,7567.0,7989.0,7344.0,8208.0,-26.0,-0.32974001268231135,-99,0.7476635514018691,0.03295584679984731,8073,1.0,6.123233995736766e-17,0.7818314824680298,0.6234898018587336
2023-03-02,130,227,192,7870,335,2023,3,1,9,2,3,Thursday,March,0,0,7859.0,7989.0,7994.0,7376.0,7813.142857142857,7899.5,7917.7,117.05188104932442,207.65175588961608,7567.0,7915.0,7344.0,8208.0,11.0,0.13996691691053886,-143,0.8458149779735683,0.042566709021601014,8097,1.0,6.123233995736766e-17,0.43388373911755823,-0.900968867902419
2023-03-01,84,158,193,7930,307,2023,3,1,9,1,2,Wednesday,March,1,0,7870.0,7915.0,7847.0,7344.0,7815.285714285715,7905.428571428572,7937.233333333334,119.34224494542505,177.1451155237587,7567.0,7930.0,7380.0,8208.0,60.0,0.7623888182973326,-114,1.2215189873417722,0.03871374527112232,8088,1.0,6.123233995736766e-17,0.9749279121818236,-0.22252093395631434
2023-02-28,115,216,169,7896,200,2023,2,1,9,28,1,Tuesday,February,0,1,7930.0,7810.0,8102.0,7380.0,7827.571428571428,7890.714285714285,7954.433333333333,123.07566391314663,142.9187575662156,7567.0,7930.0,7567.0,8208.0,-34.0,-0.4287515762925631,-31,0.7824074074074074,0.025329280648429583,8112,0.8660254037844386,0.5000000000000001,0.7818314824680298,0.6234898018587336
2023-02-27,167,239,166,7800,248,2023,2,1,9,27,0,Monday,February,0,0,7896.0,7567.0,8097.0,7795.0,7860.857142857143,7869.5,7954.6,51.62824992695329,142.72921069672384,7786.0,7930.0,7567.0,8208.0,-96.0,-1.2158054711246202,-82,0.694560669456067,0.031794871794871796,8039,0.8660254037844386,0.5000000000000001,0.0,1.0
2023-02-26,99,190,176,7609,323,2023,2,1,8,26,6,Sunday,February,0,0,7800.0,7786.0,8050.0,7876.0,7835.571428571428,7838.0,7945.7,107.50636747496424,155.54822957539827,7609.0,7930.0,7567.0,8208.0,-191.0,-2.448717948717949,-147,0.9263157894736842,0.04244973058220528,7799,0.8660254037844386,0.5000000000000001,-0.7818314824680299,0.6234898018587334
2023-02-23,101,162,178,7914,386,2023,2,1,8,23,3,Thursday,February,0,0,7609.0,7885.0,7931.0,7922.0,7839.714285714285,7836.785714285715,7945.433333333333,110.25230804212018,155.59711089683864,7609.0,7930.0,7567.0,8208.0,305.0,4.0084110921277505,-208,1.0987654320987654,0.04877432398281526,8076,0.8660254037844386,0.5000000000000001,0.43388373911755823,-0.900968867902419
2023-02-22,107,215,230,7978,232,2023,2,1,8,22,2,Wednesday,February,0,0,7914.0,7859.0,7885.0,7826.0,7856.714285714285,7843.428571428572,7950.5,122.24390139640947,154.0409148511484,7609.0,7978.0,7567.0,8208.0,64.0,0.8086934546373437,-2,1.069767441860465,0.029079969917272498,8193,0.8660254037844386,0.5000000000000001,0.9749279121818236,-0.22252093395631434
2023-02-21,184,314,217,7967,213,2023,2,1,8,21,1,Tuesday,February,0,0,7978.0,7870.0,7989.0,7900.0,7870.571428571428,7841.857142857143,7952.733333333334,129.29534297231973,153.76895640514013,7609.0,7978.0,7567.0,8208.0,-11.0,-0.1378791677112079,4,0.6910828025477707,0.02673528304255052,8281,0.8660254037844386,0.5000000000000001,0.7818314824680298,0.6234898018587336
2023-02-20,209,285,184,7817,209,2023,2,1,8,20,0,Monday,February,0,0,7967.0,7930.0,7915.0,8178.0,7854.428571428572,7834.857142857143,7940.7,127.68301524085328,149.60134380702726,7609.0,7978.0,7567.0,8208.0,-150.0,-1.8827664114472231,-25,0.6456140350877193,0.02673659971856211,8102,0.8660254037844386,0.5000000000000001,0.0,1.0
2023-02-16,81,213,153,7793,361,2023,2,1,7,16,3,Thursday,February,0,0,7817.0,7896.0,7810.0,8175.0,7839.714285714285,7833.642857142857,7927.966666666666,128.02827068769327,145.16233085326718,7609.0,7978.0,7567.0,8208.0,-24.0,-0.30702315466291097,-208,0.7183098591549296,0.046323623764917235,8006,0.8660254037844386,0.5000000000000001,0.43388373911755823,-0.900968867902419
2023-02-15,91,199,172,7869,290,2023,2,1,7,15,2,Wednesday,February,0,0,7793.0,7800.0,7567.0,8068.0,7849.571428571428,7855.214285714285,7921.333333333333,127.1139346452458,143.07445212363217,7609.0,7978.0,7567.0,8208.0,76.0,0.9752341845245649,-118,0.864321608040201,0.036853475663997964,8068,0.8660254037844386,0.5000000000000001,0.9749279121818236,-0.22252093395631434
2023-02-14,154,225,220,7794,223,2023,2,1,7,14,1,Tuesday,February,0,0,7869.0,7609.0,7786.0,8054.0,7876.0,7855.785714285715,7912.666666666667,78.81624198123245,142.63513455351094,7793.0,7978.0,7567.0,8208.0,-75.0,-0.9531071292413262,-3,0.9777777777777777,0.02861175263022838,8019,0.8660254037844386,0.5000000000000001,0.7818314824680298,0.6234898018587336
2023-02-13,186,259,172,7483,244,2023,2,1,7,13,0,Monday,February,0,0,7794.0,7914.0,7885.0,7981.0,7814.428571428572,7827.071428571428,7896.066666666667,165.19670814212645,162.06383019469192,7483.0,7978.0,7483.0,8208.0,-311.0,-3.990248909417504,-72,0.6640926640926641,0.03260724308432447,7742,0.8660254037844386,0.5000000000000001,0.0,1.0
2023-02-12,92,203,173,7434,317,2023,2,1,6,12,6,Sunday,February,0,0,7483.0,7978.0,7859.0,8158.0,7736.714285714285,7796.714285714285,7871.933333333333,199.76378908253588,175.0960196345324,7434.0,7967.0,7434.0,8208.0,-49.0,-0.6548175865294659,-144,0.8522167487684729,0.042641915523271456,7637,0.8660254037844386,0.5000000000000001,-0.7818314824680299,0.6234898018587334
2023-02-09,124,234,161,7908,353,2023,2,1,6,9,3,Thursday,February,0,0,7434.0,7967.0,7870.0,8208.0,7728.285714285715,7799.428571428572,7861.933333333333,189.40407799713552,163.41821392849891,7434.0,7908.0,7434.0,8102.0,474.0,6.376109765940274,-192,0.688034188034188,0.044638340920586744,8142,0.8660254037844386,0.5000000000000001,0.43388373911755823,-0.900968867902419
2023-02-08,93,196,169,7915,317,2023,2,1,6,8,2,Wednesday,February,0,0,7908.0,7817.0,7930.0,8079.0,7742.285714285715,7798.357142857143,7856.466666666666,200.35943891403113,158.57788977767115,7434.0,7915.0,7434.0,8102.0,7.0,0.08851795649975625,-148,0.8622448979591837,0.04005053695514845,8111,0.8660254037844386,0.5000000000000001,0.9749279121818236,-0.22252093395631434
2023-02-07,16,20,20,7855,200,2023,2,1,6,7,1,Tuesday,February,0,0,7915.0,7793.0,7896.0,7994.0,7751.142857142857,7795.428571428572,7851.833333333333,204.30649244990647,156.43707192084227,7434.0,7915.0,7434.0,8102.0,-60.0,-0.758054327226787,-180,1.0,0.025461489497135583,7875,0.8660254037844386,0.5000000000000001,0.7818314824680298,0.6234898018587336
2023-02-06,11,22,12,7720,196,2023,2,1,6,6,0,Monday,February,0,0,7855.0,7869.0,7800.0,7847.0,7729.857142857143,7789.714285714285,7847.6,197.63386060385287,158.2798917671901,7434.0,7915.0,7434.0,8102.0,-135.0,-1.7186505410566544,-184,0.5454545454545454,0.02538860103626943,7742,0.8660254037844386,0.5000000000000001,0.0,1.0
2023-02-05,16,18,15,7586,342,2023,2,1,5,5,6,Sunday,February,0,0,7720.0,7794.0,7609.0,8102.0,7700.142857142857,7788.071428571428,7830.4,201.97147370486692,157.71681300150132,7434.0,7915.0,7434.0,8097.0,-134.0,-1.7357512953367848,-327,0.8333333333333334,0.04508304771948326,7604,0.8660254037844386,0.5000000000000001,-0.7818314824680299,0.6234898018587334
2023-02-02,15,13,23,7879,298,2023,2,1,5,2,3,Thursday,February,0,0,7586.0,7483.0,7914.0,8097.0,7756.714285714285,7785.571428571428,7823.133333333333,185.82762109531964,149.8350203832053,7434.0,7915.0,7434.0,8050.0,293.0,3.86237806485632,-275,1.7692307692307692,0.03782205863688285,7892,0.8660254037844386,0.5000000000000001,0.43388373911755823,-0.900968867902419
2023-02-01,25,32,27,7903,231,2023,2,1,5,1,2,Wednesday,February,1,0,7879.0,7434.0,7978.0,8050.0,7823.714285714285,7780.214285714285,7818.233333333334,124.51467689371921,144.46755591670353,7586.0,7915.0,7434.0,7989.0,24.0,0.30460718365274975,-204,0.84375,0.029229406554472984,7935,0.8660254037844386,0.5000000000000001,0.9749279121818236,-0.22252093395631434
2023-01-31,26,36,36,7803,158,2023,1,1,5,31,1,Tuesday,January,0,1,7903.0,7908.0,7967.0,7931.0,7808.714285714285,7768.5,7813.966666666666,118.86506956186466,142.90399075818286,7586.0,7915.0,7434.0,7989.0,-100.0,-1.2653422750854126,-122,1.0,0.020248622324746893,7839,0.49999999999999994,0.8660254037844387,0.7818314824680298,0.6234898018587336
2023-01-30,34,54,29,7743,196,2023,1,1,5,30,0,Monday,January,0,0,7803.0,7915.0,7817.0,7885.0,7784.142857142857,7763.214285714285,7809.233333333334,110.7315501134061,142.82173198200238,7586.0,7903.0,7434.0,7989.0,-60.0,-0.7689350249903915,-167,0.5370370370370371,0.025313186103577426,7797,0.49999999999999994,0.8660254037844387,0.0,1.0
2023-01-29,23,45,11,7472,303,2023,1,1,4,29,6,Sunday,January,0,0,7743.0,7855.0,7793.0,7989.0,7729.428571428572,7740.285714285715,7792.0,155.4701012445564,151.32107905186007,7472.0,7903.0,7434.0,7978.0,-271.0,-3.4999354255456527,-292,0.24444444444444444,0.04055139186295503,7517,0.49999999999999994,0.8660254037844387,-0.7818314824680299,0.6234898018587334
2023-01-25,20,22,41,7538,180,2023,1,1,4,25,2,Wednesday,January,0,0,7472.0,7720.0,7869.0,7915.0,7703.428571428572,7716.642857142857,7779.433333333333,171.68270845076958,156.32562905279653,7472.0,7903.0,7434.0,7978.0,66.0,0.8832976445396046,-139,1.8636363636363635,0.02387901300079597,7560,0.49999999999999994,0.8660254037844387,0.9749279121818236,-0.22252093395631434
2023-01-24,47,42,47,7433,175,2023,1,1,4,24,1,Tuesday,January,0,0,7538.0,7586.0,7794.0,7810.0,7681.571428571428,7690.857142857143,7766.866666666667,196.99734105056186,168.4654335427671,7433.0,7903.0,7433.0,7978.0,-105.0,-1.3929424250464284,-128,1.119047619047619,0.023543656666218216,7475,0.49999999999999994,0.8660254037844387,0.7818314824680298,0.6234898018587336
2023-01-23,32,50,39,7280,181,2023,1,1,4,23,0,Monday,January,0,0,7433.0,7879.0,7483.0,7567.0,7596.0,7676.357142857143,7757.3,225.04518064906443,187.3024752673631,7280.0,7903.0,7280.0,7978.0,-153.0,-2.0583882685322186,-142,0.78,0.02486263736263736,7330,0.49999999999999994,0.8660254037844387,0.0,1.0
2023-01-22,32,49,39,7122,227,2023,1,1,3,22,6,Sunday,January,0,0,7280.0,7903.0,7434.0,7786.0,7484.428571428572,7654.071428571428,7735.166666666667,240.54165068511384,220.1465159970715,7122.0,7803.0,7122.0,7978.0,-158.0,-2.1703296703296737,-188,0.7959183673469388,0.031873069362538614,7171,0.49999999999999994,0.8660254037844387,-0.7818314824680299,0.6234898018587334
2023-01-12,33,53,34,6566,436,2023,1,1,2,12,3,Thursday,January,0,0,7122.0,7803.0,7908.0,7885.0,7307.714285714285,7558.214285714285,7691.2,380.9176263908862,304.6749992571023,6566.0,7743.0,6566.0,7978.0,-556.0,-7.806795843864078,-402,0.6415094339622641,0.06640268047517514,6619,0.49999999999999994,0.8660254037844387,0.43388373911755823,-0.900968867902419
